"Time (s)","Latitude (°)","Longitude (°)","Height (m)","Velocity (m/s)","Direction (°)","Horizontal Accuracy (m)","Vertical Accuracy (m)"
0.000000000E0,5.233075375E1,4.869218090E0,4.350012207E1,1.000000000E0,8.680000305E1,5.038400269E1,0.000000000E0
9.975918750E-1,5.233075398E1,4.869234350E0,-3.199877930E0,1.000000000E0,9.369999695E1,5.038400269E1,0.000000000E0
1.989282551E0,5.233075421E1,4.869249750E0,-3.199877930E0,9.700000286E-1,8.700000000E1,5.038400269E1,0.000000000E0
2.991359947E0,5.233075880E1,4.869261280E0,-3.199877930E0,9.300000072E-1,3.979999924E1,5.038400269E1,0.000000000E0
3.994073176E0,5.233076622E1,4.869259070E0,-3.199877930E0,8.999999762E-1,3.167000122E2,5.038400269E1,0.000000000E0
4.988971040E0,5.233077231E1,4.869247820E0,-1.003233643E1,8.799999952E-1,2.832000122E2,5.038400269E1,0.000000000E0
5.986389112E0,5.233077431E1,4.869234900E0,-1.027849121E1,8.600000143E-1,2.672000122E2,5.038400269E1,0.000000000E0
6.996630518E0,5.233077795E1,4.869224230E0,-2.455308838E1,8.700000048E-1,2.683999939E2,5.038400269E1,0.000000000E0
7.995065674E0,5.233078001E1,4.869212740E0,-2.476671143E1,8.700000048E-1,2.647000122E2,5.038400269E1,0.000000000E0
8.989704215E0,5.233077779E1,4.869202840E0,-2.547325439E1,8.899999857E-1,2.265000000E2,5.038400269E1,0.000000000E0
9.993018694E0,5.233077105E1,4.869201320E0,-2.618681641E1,8.899999857E-1,1.728999939E2,5.038400269E1,0.000000000E0
1.098998364E1,5.233076438E1,4.869209290E0,-2.690037842E1,8.799999952E-1,1.386000061E2,5.038400269E1,0.000000000E0
1.199214323E1,5.233076140E1,4.869222550E0,-2.761394043E1,8.700000048E-1,1.030999985E2,5.038400269E1,0.000000000E0
1.298838536E1,5.233076020E1,4.869236800E0,-2.832744141E1,8.700000048E-1,1.034000015E2,5.038400269E1,0.000000000E0
1.398853390E1,5.233075887E1,4.869250390E0,-2.904100342E1,8.600000143E-1,1.015999985E2,5.038400269E1,0.000000000E0
1.499243536E1,5.233075883E1,4.869263690E0,-2.975456543E1,8.500000238E-1,8.750000000E1,5.038400269E1,0.000000000E0
1.598832682E1,5.233076318E1,4.869274250E0,-3.046812744E1,8.399999738E-1,4.459999847E1,5.038400269E1,0.000000000E0
1.699360416E1,5.233077079E1,4.869273340E0,-3.118168945E1,8.199999928E-1,3.333999939E2,5.038400269E1,0.000000000E0
1.799238583E1,5.233077650E1,4.869262870E0,-3.189519043E1,8.100000024E-1,2.987999878E2,5.145600128E1,0.000000000E0
1.899769343E1,5.233077875E1,4.869250140E0,-3.260875244E1,7.799999714E-1,2.788999939E2,5.145600128E1,0.000000000E0
1.999034051E1,5.233078032E1,4.869238210E0,-3.703419800E1,7.599999905E-1,2.777000122E2,5.145600128E1,0.000000000E0
2.099306838E1,5.233077894E1,4.869221710E0,-3.784694214E1,1.440000057E0,2.500000000E2,5.145600128E1,0.000000000E0
2.199356520E1,5.233077211E1,4.869203450E0,-3.865971680E1,1.450000048E0,2.296000061E2,5.145600128E1,0.000000000E0
2.299167223E1,5.233075986E1,4.869197490E0,-3.947249146E1,1.440000057E0,1.873000031E2,5.145600128E1,0.000000000E0
2.398889046E1,5.233075010E1,4.869212750E0,-4.028523560E1,1.399999976E0,1.224000015E2,5.145600128E1,0.000000000E0
2.498814437E1,5.233074658E1,4.869237440E0,-4.109801025E1,1.389999986E0,1.020000000E2,5.145600128E1,0.000000000E0
2.599099088E1,5.233074475E1,4.869261360E0,-4.191078491E1,1.379999995E0,1.020000000E2,5.145600128E1,0.000000000E0
2.698412843E1,5.233074255E1,4.869283270E0,-4.272352905E1,1.379999995E0,1.020000000E2,5.145600128E1,0.000000000E0
2.798700942E1,5.233074321E1,4.869305410E0,-4.353630371E1,1.379999995E0,8.490000153E1,5.145600128E1,0.000000000E0
2.899206994E1,5.233075461E1,4.869314570E0,-4.434907837E1,0.000000000E0,0.000000000E0,5.145600128E1,0.000000000E0
2.998904832E1,5.233076939E1,4.869307200E0,-4.881019897E1,0.000000000E0,0.000000000E0,5.145600128E1,0.000000000E0
3.100307457E1,5.233077609E1,4.869286490E0,-4.974553223E1,0.000000000E0,0.000000000E0,5.145600128E1,0.000000000E0
3.199117504E1,5.233077819E1,4.869263460E0,-4.840373535E1,0.000000000E0,0.000000000E0,5.145600128E1,0.000000000E0
3.299975145E1,5.233078056E1,4.869242310E0,-5.107911987E1,0.000000000E0,0.000000000E0,5.145600128E1,0.000000000E0
3.399227712E1,5.233078163E1,4.869221480E0,-5.334108276E1,0.000000000E0,0.000000000E0,5.145600128E1,0.000000000E0
3.499547384E1,5.233077854E1,4.869205650E0,-5.431737061E1,0.000000000E0,0.000000000E0,5.145600128E1,0.000000000E0
3.599507920E1,5.233076980E1,4.869202840E0,-5.529368896E1,0.000000000E0,0.000000000E0,5.145600128E1,0.000000000E0
3.699548243E1,5.233076252E1,4.869209580E0,-5.627000732E1,0.000000000E0,0.000000000E0,5.145600128E1,0.000000000E0
3.799402722E1,5.233075828E1,4.869219280E0,-5.724632568E1,0.000000000E0,0.000000000E0,5.145600128E1,0.000000000E0
3.899439259E1,5.233075566E1,4.869229810E0,-5.822264404E1,0.000000000E0,0.000000000E0,5.145600128E1,0.000000000E0
3.999271311E1,5.233075460E1,4.869240610E0,-5.919896240E1,0.000000000E0,0.000000000E0,5.145600128E1,0.000000000E0
4.098994972E1,5.233075624E1,4.869251040E0,-6.017528076E1,0.000000000E0,0.000000000E0,5.145600128E1,0.000000000E0
4.198776280E1,5.233076825E1,4.869211720E0,-3.155652039E2,6.600000262E-1,1.100000024E0,5.038400269E1,0.000000000E0
4.299491202E1,5.233077691E1,4.869182000E0,-3.039376709E2,6.600000262E-1,2.953999939E2,5.038400269E1,0.000000000E0
4.399659774E1,5.233077956E1,4.869158930E0,-1.596639893E2,6.600000262E-1,2.806000061E2,5.038400269E1,0.000000000E0
4.499396514E1,5.233078290E1,4.869143160E0,-1.627941772E2,6.600000262E-1,2.891000061E2,5.038400269E1,0.000000000E0
4.599026363E1,5.233078453E1,4.869132850E0,-1.581853516E2,6.700000167E-1,2.845000000E2,5.038400269E1,0.000000000E0
4.699918191E1,5.233078079E1,4.869124150E0,-1.584333374E2,6.700000167E-1,2.350000000E2,5.038400269E1,0.000000000E0
4.798808941E1,5.233077336E1,4.869127640E0,-1.591293518E2,6.800000072E-1,1.638999939E2,5.038400269E1,0.000000000E0
4.899433988E1,5.233076908E1,4.869135410E0,-1.626721375E2,6.700000167E-1,1.318999939E2,5.038400269E1,0.000000000E0
4.999342701E1,5.233076298E1,4.869147590E0,-1.646875183E2,6.700000167E-1,1.293000031E2,5.038400269E1,0.000000000E0
5.099144758E1,5.233075717E1,4.869163790E0,-1.667028992E2,6.800000072E-1,1.203000031E2,5.038400269E1,0.000000000E0
5.198770045E1,5.233075362E1,4.869176430E0,-1.687183105E2,6.899999976E-1,1.145999985E2,5.038400269E1,0.000000000E0
5.298928566E1,5.233076124E1,4.869191180E0,-1.707336914E2,8.500000238E-1,4.990000153E1,5.145600128E1,0.000000000E0
5.398792201E1,5.233077022E1,4.869198220E0,-1.713933594E2,8.500000238E-1,2.570000076E1,5.145600128E1,0.000000000E0
5.498738045E1,5.233077924E1,4.869191320E0,-1.734028503E2,8.299999833E-1,3.348999939E2,5.145600128E1,0.000000000E0
5.599108310E1,5.233078220E1,4.869179420E0,-1.753865234E2,8.299999833E-1,2.921000061E2,5.145600128E1,0.000000000E0
5.698815805E1,5.233079461E1,4.869173570E0,-1.723456909E2,8.299999833E-1,3.438999939E2,5.145600128E1,0.000000000E0
5.799188060E1,5.233079563E1,4.869152480E0,-1.753178894E2,8.199999928E-1,2.745000000E2,5.145600128E1,0.000000000E0
5.899611638E1,5.233079618E1,4.869126030E0,-1.744107544E2,8.500000238E-1,2.718999939E2,5.145600128E1,0.000000000E0
5.998819857E1,5.233078761E1,4.869113270E0,-1.760682251E2,8.299999833E-1,2.223999939E2,5.145600128E1,0.000000000E0
6.098993310E1,5.233077968E1,4.869117740E0,-1.777239258E2,8.199999928E-1,1.608999939E2,5.145600128E1,0.000000000E0
6.199314305E1,5.233077588E1,4.869121130E0,-1.793795654E2,7.900000215E-1,1.513999939E2,5.145600128E1,0.000000000E0
6.299308331E1,5.233077251E1,4.869131460E0,-1.810352356E2,8.000000119E-1,1.180000000E2,5.145600128E1,0.000000000E0
6.399126654E1,5.233076883E1,4.869141430E0,-1.826909058E2,8.199999928E-1,1.210999985E2,5.145600128E1,0.000000000E0
6.499965711E1,5.233076395E1,4.869151160E0,-1.843465759E2,8.199999928E-1,1.293000031E2,5.145600128E1,0.000000000E0
6.598363622E1,5.233076928E1,4.869160930E0,-1.860022461E2,8.299999833E-1,4.829999924E1,5.145600128E1,0.000000000E0
6.699060987E1,5.233077549E1,4.869163140E0,-1.876578857E2,8.299999833E-1,1.230000019E1,5.145600128E1,0.000000000E0
6.799677883E1,5.233078320E1,4.869161210E0,-1.893135864E2,8.299999833E-1,3.512999878E2,5.145600128E1,0.000000000E0
6.898948294E1,5.233079111E1,4.869163670E0,-1.909692261E2,8.299999833E-1,1.080000019E1,5.145600128E1,0.000000000E0
6.999798805E1,5.233079740E1,4.869167320E0,-1.926248962E2,8.399999738E-1,1.960000038E1,5.145600128E1,0.000000000E0
7.099614253E1,5.233080424E1,4.869172060E0,-1.942805664E2,8.700000048E-1,2.300000000E1,5.145600128E1,0.000000000E0
7.200252357E1,5.233081216E1,4.869175950E0,-1.959362061E2,8.899999857E-1,1.679999924E1,5.252799988E1,0.000000000E0
7.299096825E1,5.233081980E1,4.869170420E0,-1.975919067E2,8.899999857E-1,3.361000061E2,5.252799988E1,0.000000000E0
7.400302799E1,5.233082150E1,4.869158070E0,-1.992475464E2,7.099999785E-1,2.827000122E2,5.252799988E1,0.000000000E0
7.499532851E1,5.233081751E1,4.869146750E0,-2.009032166E2,7.099999785E-1,2.401000061E2,5.252799988E1,0.000000000E0
7.598964382E1,5.233081629E1,4.869134910E0,-2.025588867E2,7.099999785E-1,2.605000000E2,5.252799988E1,0.000000000E0
7.699931002E1,5.233081789E1,4.869122270E0,-2.042145569E2,7.799999714E-1,2.845000000E2,5.252799988E1,0.000000000E0
7.799684450E1,5.233081981E1,4.869108970E0,-2.058702271E2,8.500000238E-1,2.772999878E2,5.252799988E1,0.000000000E0
7.899831060E1,5.233081960E1,4.869094620E0,-2.075258667E2,9.300000072E-1,2.612000122E2,5.252799988E1,0.000000000E0
7.999100768E1,5.233081666E1,4.869080760E0,-2.091815674E2,9.399999976E-1,2.470000000E2,5.252799988E1,0.000000000E0
8.099341231E1,5.233081023E1,4.869076150E0,-2.304081299E2,9.300000072E-1,2.006000061E2,5.252799988E1,0.000000000E0
8.199369174E1,5.233080137E1,4.869073970E0,-2.493662903E2,8.999999762E-1,1.986000061E2,5.252799988E1,0.000000000E0
8.299300747E1,5.233079241E1,4.869070300E0,-3.325889465E2,8.799999952E-1,1.978000031E2,5.252799988E1,0.000000000E0
8.399085382E1,5.233078241E1,4.869065850E0,-4.305987427E2,8.399999738E-1,1.965000000E2,5.252799988E1,0.000000000E0
8.499260710E1,5.233077442E1,4.869063050E0,-3.291918823E2,8.299999833E-1,1.958000031E2,5.360000229E1,0.000000000E0
8.599134236E1,5.233076643E1,4.869060000E0,-3.755959961E2,8.000000119E-1,1.946000061E2,5.360000229E1,0.000000000E0
8.698821252E1,5.233075747E1,4.869053080E0,-3.820454895E2,7.900000215E-1,1.913999939E2,5.252799988E1,0.000000000E0
8.798888585E1,5.233075288E1,4.869046420E0,-3.633236877E2,0.000000000E0,0.000000000E0,5.252799988E1,0.000000000E0
8.899465903E1,5.233075211E1,4.869042110E0,-3.633356812E2,0.000000000E0,0.000000000E0,5.252799988E1,0.000000000E0
8.999660085E1,5.233075149E1,4.869038670E0,-3.633438599E2,0.000000000E0,0.000000000E0,5.252799988E1,0.000000000E0
9.099176205E1,5.233075100E1,4.869035910E0,-3.633493530E2,0.000000000E0,0.000000000E0,5.360000229E1,0.000000000E0
9.199271825E1,5.233075060E1,4.869033710E0,-3.633529541E2,0.000000000E0,0.000000000E0,5.360000229E1,0.000000000E0
9.299900778E1,5.233075029E1,4.869031940E0,-3.633571960E2,0.000000000E0,0.000000000E0,5.360000229E1,0.000000000E0
9.399498752E1,5.233075004E1,4.869030530E0,-3.633597900E2,0.000000000E0,0.000000000E0,5.467200089E1,0.000000000E0
9.499153444E1,5.233074983E1,4.869029400E0,-3.633631470E2,0.000000000E0,0.000000000E0,5.467200089E1,0.000000000E0
9.599379043E1,5.233074967E1,4.869028500E0,-3.633612549E2,0.000000000E0,0.000000000E0,5.467200089E1,0.000000000E0
9.699634309E1,5.233074955E1,4.869027780E0,-3.633613464E2,0.000000000E0,0.000000000E0,5.467200089E1,0.000000000E0
9.799462522E1,5.233074944E1,4.869027200E0,-3.633593323E2,0.000000000E0,0.000000000E0,5.467200089E1,0.000000000E0
9.899352215E1,5.233074936E1,4.869026740E0,-3.633597900E2,0.000000000E0,0.000000000E0,5.574400330E1,0.000000000E0
9.999188444E1,5.233074929E1,4.869026370E0,-3.633596375E2,0.000000000E0,0.000000000E0,5.574400330E1,0.000000000E0
1.010047518E2,5.233074924E1,4.869026070E0,-3.633595459E2,0.000000000E0,0.000000000E0,5.574400330E1,0.000000000E0
1.019901843E2,5.233074920E1,4.869025830E0,-3.633597595E2,0.000000000E0,0.000000000E0,5.574400330E1,0.000000000E0
1.029925714E2,5.233074917E1,4.869025640E0,-3.633596985E2,0.000000000E0,0.000000000E0,5.574400330E1,0.000000000E0
1.039880273E2,5.233074914E1,4.869025490E0,-3.633596985E2,0.000000000E0,0.000000000E0,5.681600189E1,0.000000000E0
1.050062131E2,5.233074912E1,4.869025370E0,-3.633596069E2,0.000000000E0,0.000000000E0,5.681600189E1,0.000000000E0
1.059918324E2,5.233074910E1,4.869025270E0,-3.633596985E2,0.000000000E0,0.000000000E0,5.681600189E1,0.000000000E0
1.069919527E2,5.233074909E1,4.869025200E0,-3.633596985E2,0.000000000E0,0.000000000E0,5.681600189E1,0.000000000E0
1.079978893E2,5.233074908E1,4.869025130E0,-3.633596985E2,0.000000000E0,0.000000000E0,5.681600189E1,0.000000000E0
1.089930148E2,5.233074907E1,4.869025080E0,-3.633597595E2,0.000000000E0,0.000000000E0,5.788800049E1,0.000000000E0
1.099878107E2,5.233074906E1,4.869025040E0,-3.633597595E2,0.000000000E0,0.000000000E0,5.788800049E1,0.000000000E0
1.109922461E2,5.233074905E1,4.869025010E0,-3.633597595E2,0.000000000E0,0.000000000E0,5.788800049E1,0.000000000E0
1.119890127E2,5.233074910E1,4.869024990E0,-3.638195374E2,0.000000000E0,0.000000000E0,5.788800049E1,0.000000000E0
1.129922828E2,5.233074915E1,4.869025010E0,-3.644571411E2,0.000000000E0,0.000000000E0,5.896000290E1,0.000000000E0
1.140052284E2,5.233074920E1,4.869025020E0,-3.644569275E2,0.000000000E0,0.000000000E0,5.896000290E1,0.000000000E0
1.149875110E2,5.233074924E1,4.869025030E0,-3.644568970E2,0.000000000E0,0.000000000E0,5.896000290E1,0.000000000E0
1.159965268E2,5.233074927E1,4.869025040E0,-3.644569275E2,0.000000000E0,0.000000000E0,6.003200150E1,0.000000000E0
1.169880183E2,5.233074929E1,4.869025050E0,-3.644568665E2,0.000000000E0,0.000000000E0,6.003200150E1,0.000000000E0
1.179974445E2,5.233074931E1,4.869025060E0,-3.644568665E2,0.000000000E0,0.000000000E0,6.003200150E1,0.000000000E0
1.189923610E2,5.233074933E1,4.869025060E0,-3.644568665E2,0.000000000E0,0.000000000E0,6.003200150E1,0.000000000E0
1.199848132E2,5.233074934E1,4.869025070E0,-3.644568359E2,0.000000000E0,0.000000000E0,6.003200150E1,0.000000000E0
1.209879321E2,5.233074916E1,4.869025010E0,-3.629359314E2,0.000000000E0,0.000000000E0,6.003200150E1,0.000000000E0
1.219898213E2,5.233074611E1,4.869024120E0,-3.401095154E2,0.000000000E0,0.000000000E0,6.003200150E1,0.000000000E0
1.229928892E2,5.233074367E1,4.869023400E0,-3.401074097E2,0.000000000E0,0.000000000E0,6.110400009E1,0.000000000E0
1.239888464E2,5.233075090E1,4.869018290E0,-3.876339905E2,0.000000000E0,0.000000000E0,6.110400009E1,0.000000000E0
1.249950723E2,5.233075477E1,4.869016220E0,-3.873756897E2,0.000000000E0,0.000000000E0,6.110400009E1,0.000000000E0
1.259959277E2,5.233075989E1,4.869009980E0,-3.870673706E2,0.000000000E0,0.000000000E0,6.110400009E1,0.000000000E0
1.269914932E2,5.233076399E1,4.869004990E0,-3.870681030E2,0.000000000E0,0.000000000E0,6.110400009E1,0.000000000E0
1.279938988E2,5.233076841E1,4.868968740E0,-3.885806763E2,0.000000000E0,0.000000000E0,6.110400009E1,0.000000000E0
1.289940754E2,5.233077278E1,4.868940540E0,-3.874581482E2,0.000000000E0,0.000000000E0,6.110400009E1,0.000000000E0
1.299937623E2,5.233077628E1,4.868917970E0,-3.874591553E2,0.000000000E0,0.000000000E0,6.110400009E1,0.000000000E0
1.309881060E2,5.233077907E1,4.868899920E0,-3.874618713E2,0.000000000E0,0.000000000E0,6.217600250E1,0.000000000E0
1.319855647E2,5.233212346E1,4.868780260E0,-4.404650879E0,0.000000000E0,0.000000000E0,5.252799988E1,0.000000000E0
1.329875226E2,5.233212350E1,4.868780280E0,-4.333605957E0,0.000000000E0,0.000000000E0,5.360000229E1,0.000000000E0
1.339899477E2,5.233212629E1,4.868784520E0,-4.381762695E0,0.000000000E0,0.000000000E0,5.360000229E1,0.000000000E0
1.349911594E2,5.233212769E1,4.868786650E0,-4.344592285E0,0.000000000E0,0.000000000E0,5.467200089E1,0.000000000E0
1.359897872E2,5.233212853E1,4.868787920E0,-4.330004883E0,0.000000000E0,0.000000000E0,5.574400330E1,0.000000000E0
1.370125496E2,5.233212921E1,4.868788940E0,-4.343127441E0,0.000000000E0,0.000000000E0,5.574400330E1,0.000000000E0
1.380009704E2,5.233212975E1,4.868789760E0,-4.343920898E0,0.000000000E0,0.000000000E0,5.574400330E1,0.000000000E0
1.389890692E2,5.233213019E1,4.868790410E0,-4.333544922E0,0.000000000E0,0.000000000E0,5.681600189E1,0.000000000E0
1.399997285E2,5.233213053E1,4.868790940E0,-4.332629395E0,0.000000000E0,0.000000000E0,5.681600189E1,0.000000000E0
1.409997127E2,5.233213081E1,4.868791350E0,-4.332324219E0,0.000000000E0,0.000000000E0,5.681600189E1,0.000000000E0
1.419897249E2,5.233213104E1,4.868791690E0,-4.326037598E0,0.000000000E0,0.000000000E0,5.788800049E1,0.000000000E0
1.429956262E2,5.233213121E1,4.868791960E0,-4.327807617E0,0.000000000E0,0.000000000E0,5.788800049E1,0.000000000E0
1.439939260E2,5.233213136E1,4.868792170E0,-4.329089355E0,0.000000000E0,0.000000000E0,5.896000290E1,0.000000000E0
1.449908714E2,5.233213147E1,4.868792340E0,-4.327746582E0,0.000000000E0,0.000000000E0,5.896000290E1,0.000000000E0
1.459987345E2,5.233213558E1,4.868775660E0,-4.325732422E0,2.160000086E0,2.912999878E2,5.896000290E1,0.000000000E0
1.470058779E2,5.233213619E1,4.868754700E0,-4.322558594E0,1.049999952E0,2.556000061E2,5.896000290E1,0.000000000E0
1.479889271E2,5.233212833E1,4.868744810E0,-4.319384766E0,1.070000052E0,2.188000031E2,5.896000290E1,0.000000000E0
1.489974786E2,5.233211703E1,4.868747240E0,-4.316149902E0,1.059999943E0,1.671999969E2,5.896000290E1,0.000000000E0
1.499896236E2,5.233210866E1,4.868761560E0,-4.312976074E0,1.059999943E0,1.230999985E2,6.003200150E1,0.000000000E0
1.509934217E2,5.233210334E1,4.868779270E0,-4.309741211E0,1.059999943E0,1.175999985E2,6.003200150E1,0.000000000E0
1.520028071E2,5.233209830E1,4.868795870E0,-4.306567383E0,1.070000052E0,1.196999969E2,6.003200150E1,0.000000000E0
1.529903975E2,5.233209388E1,4.868812020E0,-4.303393555E0,1.070000052E0,1.144000015E2,6.003200150E1,0.000000000E0
1.539864809E2,5.233209118E1,4.868828740E0,-4.300158691E0,1.179999948E0,1.054000015E2,6.003200150E1,0.000000000E0
1.549896403E2,5.233208897E1,4.868845420E0,-4.296984863E0,1.190000057E0,1.054000015E2,6.003200150E1,0.000000000E0
1.560099306E2,5.233209150E1,4.868861380E0,-4.293750000E0,1.190000057E0,6.480000305E1,6.003200150E1,0.000000000E0
1.569934855E2,5.233210102E1,4.868868760E0,-4.290576172E0,1.190000057E0,1.539999962E1,6.003200150E1,0.000000000E0
1.579955907E2,5.233210749E1,4.868857080E0,-4.310534668E0,0.000000000E0,0.000000000E0,6.003200150E1,0.000000000E0
1.589879724E2,5.233210836E1,4.868850180E0,-4.289172363E0,0.000000000E0,0.000000000E0,6.003200150E1,0.000000000E0
1.599889723E2,5.233210862E1,4.868846910E0,-4.289172363E0,0.000000000E0,0.000000000E0,6.003200150E1,0.000000000E0
1.609917075E2,5.233210878E1,4.868844960E0,-4.289172363E0,0.000000000E0,0.000000000E0,6.003200150E1,0.000000000E0
1.619860657E2,5.233210884E1,4.868843960E0,-4.289172363E0,0.000000000E0,0.000000000E0,6.003200150E1,0.000000000E0
1.629890161E2,5.233210807E1,4.868846010E0,-4.289172363E0,0.000000000E0,0.000000000E0,6.003200150E1,0.000000000E0
1.639893935E2,5.233210768E1,4.868847030E0,-4.289172363E0,0.000000000E0,0.000000000E0,6.003200150E1,0.000000000E0
1.649919382E2,5.233210748E1,4.868847540E0,-4.289172363E0,0.000000000E0,0.000000000E0,6.003200150E1,0.000000000E0
1.659885719E2,5.233210739E1,4.868847800E0,-4.289172363E0,0.000000000E0,0.000000000E0,6.003200150E1,0.000000000E0
1.669882226E2,5.233210734E1,4.868847920E0,-4.289172363E0,0.000000000E0,0.000000000E0,6.003200150E1,0.000000000E0
1.679874023E2,5.233210731E1,4.868847990E0,-4.289172363E0,0.000000000E0,0.000000000E0,6.003200150E1,0.000000000E0
1.689916928E2,5.233210730E1,4.868848020E0,-4.289172363E0,0.000000000E0,0.000000000E0,6.003200150E1,0.000000000E0
1.699873202E2,5.233210730E1,4.868848040E0,-4.289172363E0,0.000000000E0,0.000000000E0,6.003200150E1,0.000000000E0
1.709890963E2,5.233210729E1,4.868848040E0,-4.289172363E0,0.000000000E0,0.000000000E0,6.003200150E1,0.000000000E0
1.719913007E2,5.233210729E1,4.868848050E0,-4.289172363E0,0.000000000E0,0.000000000E0,6.003200150E1,0.000000000E0
1.729956900E2,5.233210729E1,4.868848050E0,-4.289172363E0,0.000000000E0,0.000000000E0,6.003200150E1,0.000000000E0
1.739974568E2,5.233210729E1,4.868848050E0,-4.289172363E0,0.000000000E0,0.000000000E0,6.003200150E1,0.000000000E0
1.749898440E2,5.233210729E1,4.868848050E0,-4.289172363E0,0.000000000E0,0.000000000E0,6.003200150E1,0.000000000E0
1.759880398E2,5.233210729E1,4.868848050E0,-4.289172363E0,0.000000000E0,0.000000000E0,6.003200150E1,0.000000000E0
1.769920601E2,5.233210729E1,4.868848050E0,-4.289172363E0,0.000000000E0,0.000000000E0,6.003200150E1,0.000000000E0
1.779962701E2,5.233210729E1,4.868848050E0,-4.289172363E0,0.000000000E0,0.000000000E0,6.003200150E1,0.000000000E0
1.789872919E2,5.233210729E1,4.868848050E0,-4.289172363E0,0.000000000E0,0.000000000E0,6.003200150E1,0.000000000E0
1.799942897E2,5.233210729E1,4.868848050E0,-4.289172363E0,0.000000000E0,0.000000000E0,6.003200150E1,0.000000000E0
1.809915867E2,5.233210729E1,4.868848050E0,-4.289172363E0,0.000000000E0,0.000000000E0,6.003200150E1,0.000000000E0
1.819941690E2,5.233210729E1,4.868848050E0,-4.289172363E0,0.000000000E0,0.000000000E0,6.003200150E1,0.000000000E0
1.829944691E2,5.233210729E1,4.868848050E0,-4.289172363E0,0.000000000E0,0.000000000E0,6.003200150E1,0.000000000E0
1.839933730E2,5.233210729E1,4.868848050E0,-4.289172363E0,0.000000000E0,0.000000000E0,6.003200150E1,0.000000000E0
1.849957776E2,5.233210729E1,4.868848050E0,-4.289172363E0,0.000000000E0,0.000000000E0,6.003200150E1,0.000000000E0
1.860012551E2,5.233210729E1,4.868848050E0,-4.289172363E0,0.000000000E0,0.000000000E0,6.003200150E1,0.000000000E0
1.869853172E2,5.233210729E1,4.868848050E0,-4.289172363E0,0.000000000E0,0.000000000E0,6.003200150E1,0.000000000E0
1.879945693E2,5.233210729E1,4.868848050E0,-4.289172363E0,0.000000000E0,0.000000000E0,6.003200150E1,0.000000000E0
1.889875618E2,5.233210729E1,4.868848050E0,-4.289172363E0,0.000000000E0,0.000000000E0,6.003200150E1,0.000000000E0
1.899969843E2,5.233210729E1,4.868848050E0,-4.289172363E0,0.000000000E0,0.000000000E0,6.110400009E1,0.000000000E0
1.909953803E2,5.233210729E1,4.868848050E0,-4.289172363E0,0.000000000E0,0.000000000E0,6.110400009E1,0.000000000E0
1.919858148E2,5.233210729E1,4.868848050E0,-4.289172363E0,0.000000000E0,0.000000000E0,6.110400009E1,0.000000000E0
1.929932206E2,5.233210729E1,4.868848050E0,-4.289172363E0,0.000000000E0,0.000000000E0,6.110400009E1,0.000000000E0
1.939983486E2,5.233210729E1,4.868848050E0,-4.289172363E0,0.000000000E0,0.000000000E0,6.110400009E1,0.000000000E0
2.399953676E2,5.233249195E1,4.869089050E0,5.140502930E-1,1.340000033E0,2.651000061E2,5.896000290E1,0.000000000E0
2.409893011E2,5.233249134E1,4.869069180E0,5.239990234E-1,1.340000033E0,2.667999878E2,5.896000290E1,0.000000000E0
2.419868090E2,5.233249039E1,4.869049880E0,5.337036133E-1,1.350000024E0,2.600000000E2,5.896000290E1,0.000000000E0
2.429886301E2,5.233248870E1,4.869031090E0,5.431030273E-1,1.340000033E0,2.568999939E2,5.896000290E1,0.000000000E0
2.439918933E2,5.233248618E1,4.869012820E0,5.521972656E-1,1.350000024E0,2.526000061E2,5.896000290E1,0.000000000E0
2.449881820E2,5.233248176E1,4.868996780E0,5.609863281E-1,1.340000033E0,2.340000000E2,5.896000290E1,0.000000000E0
2.459877719E2,5.233247320E1,4.868986250E0,5.695922852E-1,1.330000043E0,2.098000031E2,5.896000290E1,0.000000000E0
2.469887928E2,5.233246277E1,4.868979630E0,5.778930664E-1,1.330000043E0,2.021999969E2,5.896000290E1,0.000000000E0
2.479932362E2,5.233245169E1,4.868977050E0,5.860107422E-1,1.309999943E0,1.831000061E2,5.896000290E1,0.000000000E0
2.489923353E2,5.233244043E1,4.868979120E0,5.938842773E-1,1.309999943E0,1.725000000E2,5.896000290E1,0.000000000E0
2.499935588E2,5.233242930E1,4.868979820E0,6.015136719E-1,1.299999952E0,1.860000000E2,5.896000290E1,0.000000000E0
2.509933761E2,5.233241849E1,4.868976310E0,6.088989258E-1,1.299999952E0,1.948000031E2,5.896000290E1,0.000000000E0
2.519889593E2,5.233240776E1,4.868972730E0,6.161010742E-1,1.289999962E0,1.890000000E2,5.896000290E1,0.000000000E0
2.529902080E2,5.233239637E1,4.868969650E0,6.231811523E-1,1.289999962E0,1.981999969E2,6.003200150E1,0.000000000E0
2.539936866E2,5.233238445E1,4.868965960E0,6.299560547E-1,1.299999952E0,2.056000061E2,6.003200150E1,0.000000000E0
2.549899646E2,5.233237340E1,4.868960360E0,6.366088867E-1,1.289999962E0,2.028000031E2,6.003200150E1,0.000000000E0
2.559941717E2,5.233236298E1,4.868953460E0,6.430786133E-1,1.289999962E0,2.096000061E2,6.003200150E1,0.000000000E0
2.569934052E2,5.233235364E1,4.868943800E0,6.493652344E-1,1.289999962E0,2.191000061E2,6.003200150E1,0.000000000E0
2.579885056E2,5.233234545E1,4.868931720E0,6.554687500E-1,1.299999952E0,2.256000061E2,6.003200150E1,0.000000000E0
2.590065357E2,5.233233822E1,4.868918040E0,6.614501953E-1,0.000000000E0,0.000000000E0,6.003200150E1,0.000000000E0
2.599918619E2,5.233233243E1,4.868902640E0,6.673095703E-1,0.000000000E0,0.000000000E0,6.003200150E1,0.000000000E0
2.609862400E2,5.233232915E1,4.868885330E0,6.729858398E-1,0.000000000E0,0.000000000E0,6.003200150E1,0.000000000E0
2.619908598E2,5.233232876E1,4.868867010E0,6.784790039E-1,0.000000000E0,0.000000000E0,6.003200150E1,0.000000000E0
2.629912745E2,5.233233042E1,4.868848730E0,6.839111328E-1,0.000000000E0,0.000000000E0,6.003200150E1,0.000000000E0
2.639876515E2,5.233233317E1,4.868830820E0,6.891601562E-1,0.000000000E0,0.000000000E0,6.003200150E1,0.000000000E0
2.649874835E2,5.233233913E1,4.868814900E0,6.942871094E-1,0.000000000E0,0.000000000E0,6.003200150E1,0.000000000E0
2.660026291E2,5.233234592E1,4.868799570E0,6.992919922E-1,0.000000000E0,0.000000000E0,6.003200150E1,0.000000000E0
2.669869286E2,5.233235213E1,4.868783980E0,7.041748047E-1,0.000000000E0,0.000000000E0,6.003200150E1,0.000000000E0
2.679919019E2,5.233235771E1,4.868768010E0,7.089355469E-1,0.000000000E0,0.000000000E0,6.003200150E1,0.000000000E0
2.690040115E2,5.233236284E1,4.868752280E0,7.136352539E-1,0.000000000E0,0.000000000E0,6.003200150E1,0.000000000E0
2.699879940E2,5.233238092E1,4.868737920E0,7.831188965E0,0.000000000E0,0.000000000E0,6.003200150E1,0.000000000E0
2.709891535E2,5.233239653E1,4.868721410E0,9.517346191E0,0.000000000E0,0.000000000E0,6.003200150E1,0.000000000E0
2.719912905E2,5.233240985E1,4.868702830E0,1.153492432E1,0.000000000E0,0.000000000E0,6.003200150E1,0.000000000E0
2.729997873E2,5.233242122E1,4.868682440E0,1.188569336E1,0.000000000E0,0.000000000E0,6.003200150E1,0.000000000E0
2.739952326E2,5.233243020E1,4.868655020E0,1.184687500E1,0.000000000E0,0.000000000E0,6.003200150E1,0.000000000E0
2.749893666E2,5.233243977E1,4.868619280E0,1.186475830E1,0.000000000E0,0.000000000E0,6.003200150E1,0.000000000E0
2.759922626E2,5.233330211E1,4.866781890E0,-1.826791870E2,1.259999990E0,2.737000122E2,4.931200027E1,0.000000000E0
2.769883775E2,5.233350528E1,4.866182170E0,-1.650164368E2,6.399999857E-1,2.503000031E2,4.502400208E1,0.000000000E0
2.779878699E2,5.233377060E1,4.865917890E0,-1.086944458E2,6.200000048E-1,2.100000000E2,3.859200287E1,0.000000000E0
2.789889317E2,5.233375442E1,4.865808210E0,-7.529783936E1,1.200000048E0,2.063000031E2,3.752000046E1,0.000000000E0
2.799874542E2,5.233377493E1,4.865773980E0,-6.980223389E1,1.250000000E0,1.983999939E2,3.537599945E1,0.000000000E0
2.809884560E2,5.233417130E1,4.865935520E0,8.394482422E0,1.240000010E0,1.961999969E2,1.286400032E1,0.000000000E0
2.819908591E2,5.233417536E1,4.865913770E0,1.345130615E1,9.700000286E-1,1.938999939E2,9.648000717E0,0.000000000E0
2.830013473E2,5.233417495E1,4.865886030E0,1.756690674E1,7.099999785E-1,2.443000031E2,1.607999992E1,0.000000000E0
2.840044111E2,5.233417936E1,4.865878630E0,1.500593262E1,2.099999934E-1,2.208999939E2,1.286400032E1,0.000000000E0
2.850001695E2,5.233417779E1,4.865861310E0,2.119355469E1,5.899999738E-1,2.391999969E2,1.072000027E1,0.000000000E0
2.859945693E2,5.233417938E1,4.865848180E0,1.985322266E1,4.600000083E-1,2.380000000E2,9.648000717E0,0.000000000E0
2.869944485E2,5.233418829E1,4.865842000E0,1.663111572E1,4.300000072E-1,2.590000000E2,9.648000717E0,0.000000000E0
2.879989133E2,5.233419807E1,4.865841170E0,1.354578857E1,2.000000030E-1,2.792000122E2,7.504000187E0,0.000000000E0
2.890036759E2,5.233420591E1,4.865841920E0,9.237988281E0,6.399999857E-1,2.703999939E2,6.432000160E0,0.000000000E0
2.900068872E2,5.233421039E1,4.865842810E0,7.141064453E0,5.199999809E-1,2.393000031E2,5.360000134E0,0.000000000E0
2.910024702E2,5.233421092E1,4.865842630E0,6.427624512E0,6.600000262E-1,2.295000000E2,5.360000134E0,0.000000000E0
2.920096728E2,5.233420558E1,4.865839240E0,7.408459473E0,1.269999981E0,2.136999969E2,4.288000107E0,0.000000000E0
2.930108084E2,5.233419580E1,4.865834710E0,8.946301270E0,1.279999971E0,1.873999939E2,4.288000107E0,0.000000000E0
2.939979074E2,5.233418356E1,4.865832940E0,1.011329346E1,1.289999962E0,1.818999939E2,4.288000107E0,0.000000000E0
2.950156174E2,5.233417096E1,4.865831160E0,1.044794922E1,1.289999962E0,2.151999969E2,4.288000107E0,0.000000000E0
2.960075299E2,5.233415977E1,4.865828450E0,9.240734863E0,1.299999952E0,2.078000031E2,4.288000107E0,0.000000000E0
2.970051338E2,5.233414863E1,4.865825050E0,8.273327637E0,1.299999952E0,2.076000061E2,3.216000080E0,0.000000000E0
2.980001822E2,5.233413569E1,4.865824750E0,8.339245605E0,1.309999943E0,1.685000000E2,3.216000080E0,0.000000000E0
2.990102417E2,5.233412161E1,4.865827180E0,8.398876953E0,1.330000043E0,1.795000000E2,3.216000080E0,0.000000000E0
3.000108409E2,5.233410461E1,4.865830830E0,9.519238281E0,1.360000014E0,1.868999939E2,3.216000080E0,0.000000000E0
3.010128426E2,5.233408742E1,4.865834260E0,1.067121582E1,1.370000005E0,1.811000061E2,4.288000107E0,0.000000000E0
3.020083820E2,5.233407225E1,4.865834910E0,1.079877930E1,1.379999995E0,1.858999939E2,4.288000107E0,0.000000000E0
3.030091277E2,5.233405814E1,4.865834800E0,1.112891846E1,1.399999976E0,1.820000000E2,4.288000107E0,0.000000000E0
3.039967826E2,5.233404452E1,4.865833730E0,1.151618652E1,1.389999986E0,1.816000061E2,4.288000107E0,0.000000000E0
3.049979493E2,5.233403113E1,4.865834370E0,1.157435303E1,1.389999986E0,1.765000000E2,4.288000107E0,0.000000000E0
3.059952526E2,5.233401624E1,4.865837320E0,1.088575439E1,1.409999967E0,1.718999939E2,4.288000107E0,0.000000000E0
3.070055141E2,5.233400198E1,4.865840770E0,1.070661621E1,1.419999957E0,1.675000000E2,4.288000107E0,0.000000000E0
3.080105659E2,5.233398638E1,4.865843320E0,1.035102539E1,1.429999948E0,1.903000031E2,4.288000107E0,0.000000000E0
3.090081506E2,5.233397233E1,4.865843010E0,1.001228027E1,1.429999948E0,1.756999969E2,4.288000107E0,0.000000000E0
3.100136824E2,5.233395912E1,4.865841980E0,1.028638916E1,1.429999948E0,1.686999969E2,4.288000107E0,0.000000000E0
3.110098190E2,5.233394614E1,4.865841850E0,1.026783447E1,1.440000057E0,1.720000000E2,4.288000107E0,0.000000000E0
3.120094034E2,5.233393154E1,4.865842640E0,1.036365967E1,1.460000038E0,1.718000031E2,5.360000134E0,0.000000000E0
3.130123394E2,5.233391896E1,4.865844320E0,9.347973633E0,1.450000048E0,1.716999969E2,5.360000134E0,0.000000000E0
3.140032362E2,5.233390552E1,4.865845340E0,1.029627686E1,1.460000038E0,1.791999969E2,5.360000134E0,0.000000000E0
3.150058584E2,5.233389245E1,4.865847190E0,1.005146484E1,1.450000048E0,1.730000000E2,5.360000134E0,0.000000000E0
3.160080385E2,5.233388063E1,4.865849040E0,9.287304687E0,1.450000048E0,1.756000061E2,5.360000134E0,0.000000000E0
3.169994427E2,5.233386930E1,4.865850580E0,9.115673828E0,1.450000048E0,1.741000061E2,5.360000134E0,0.000000000E0
3.179963768E2,5.233385774E1,4.865852260E0,8.909375000E0,1.450000048E0,1.745000000E2,5.360000134E0,0.000000000E0
3.190037273E2,5.233384554E1,4.865856270E0,8.686352539E0,1.460000038E0,1.748000031E2,5.360000134E0,0.000000000E0
3.200169399E2,5.233383084E1,4.865859720E0,8.229260254E0,1.480000019E0,1.766000061E2,5.360000134E0,0.000000000E0
3.210072200E2,5.233382061E1,4.865860510E0,9.081005859E0,5.000000000E-1,1.841999969E2,5.360000134E0,0.000000000E0
3.220112228E2,5.233380891E1,4.865861010E0,8.974316406E0,1.460000038E0,1.738000031E2,5.360000134E0,0.000000000E0
3.230125327E2,5.233379378E1,4.865860820E0,9.412854004E0,1.460000038E0,1.726000061E2,5.360000134E0,0.000000000E0
3.240060506E2,5.233378123E1,4.865861040E0,9.456555176E0,1.450000048E0,1.853999939E2,5.360000134E0,0.000000000E0
3.250164681E2,5.233376922E1,4.865861100E0,1.031788330E1,1.440000057E0,1.806999969E2,5.360000134E0,0.000000000E0
3.260123515E2,5.233375676E1,4.865860590E0,1.002216797E1,1.450000048E0,1.825000000E2,6.432000160E0,0.000000000E0
3.270072294E2,5.233374480E1,4.865861730E0,9.816967773E0,1.440000057E0,1.770000000E2,6.432000160E0,0.000000000E0
3.280112879E2,5.233373255E1,4.865861340E0,1.117872314E1,1.450000048E0,1.855000000E2,6.432000160E0,0.000000000E0
3.290126519E2,5.233372071E1,4.865857630E0,1.257722168E1,1.450000048E0,2.008999939E2,5.360000134E0,0.000000000E0
3.300149133E2,5.233370949E1,4.865852740E0,1.206452637E1,1.450000048E0,1.923000031E2,6.432000160E0,0.000000000E0
3.310130484E2,5.233369711E1,4.865850850E0,1.187263184E1,1.450000048E0,1.761000061E2,5.360000134E0,0.000000000E0
3.320059063E2,5.233368561E1,4.865852290E0,1.229536133E1,1.429999948E0,1.581999969E2,5.360000134E0,0.000000000E0
3.330033346E2,5.233367459E1,4.865856660E0,1.289613037E1,1.429999948E0,1.668999939E2,5.360000134E0,0.000000000E0
3.340083240E2,5.233366647E1,4.865863150E0,1.218055420E1,6.499999762E-1,1.351999969E2,5.360000134E0,0.000000000E0
3.350072553E2,5.233365649E1,4.865869030E0,1.249567871E1,1.429999948E0,1.723999939E2,5.360000134E0,0.000000000E0
3.360059211E2,5.233364465E1,4.865876300E0,1.043574219E1,1.440000057E0,1.575000000E2,5.360000134E0,0.000000000E0
3.370123036E2,5.233363088E1,4.865879380E0,1.162855225E1,1.429999948E0,1.985000000E2,5.360000134E0,0.000000000E0
3.380094773E2,5.233361623E1,4.865882160E0,1.261665039E1,1.409999967E0,1.576000061E2,5.360000134E0,0.000000000E0
3.390139479E2,5.233360572E1,4.865884720E0,1.310548096E1,6.100000143E-1,1.628000031E2,5.360000134E0,0.000000000E0
3.400152960E2,5.233359793E1,4.865887590E0,1.362135010E1,6.499999762E-1,1.606999969E2,6.432000160E0,0.000000000E0
3.410150278E2,5.233358899E1,4.865897450E0,1.474781494E1,1.399999976E0,1.209000015E2,5.360000134E0,0.000000000E0
3.420083393E2,5.233357848E1,4.865913090E0,1.516853027E1,1.399999976E0,1.230999985E2,6.432000160E0,0.000000000E0
3.430080891E2,5.233356672E1,4.865928100E0,1.459760742E1,1.409999967E0,1.283999939E2,6.432000160E0,0.000000000E0
3.440048038E2,5.233355314E1,4.865940790E0,1.549561768E1,1.399999976E0,1.423000031E2,6.432000160E0,0.000000000E0
3.450138402E2,5.233353891E1,4.865949450E0,1.593153076E1,1.399999976E0,1.560000000E2,5.360000134E0,0.000000000E0
3.460078093E2,5.233352479E1,4.865957120E0,1.712543945E1,1.399999976E0,1.568000031E2,5.360000134E0,0.000000000E0
3.470134012E2,5.233351328E1,4.865967670E0,1.695429687E1,1.399999976E0,1.466000061E2,5.360000134E0,0.000000000E0
3.480020916E2,5.233350522E1,4.865978210E0,1.688276367E1,1.379999995E0,1.371999969E2,6.432000160E0,0.000000000E0
3.490068584E2,5.233349701E1,4.865985010E0,1.727149658E1,1.370000005E0,1.451999969E2,6.432000160E0,0.000000000E0
3.500071156E2,5.233348869E1,4.865987700E0,1.651533203E1,1.350000024E0,1.588999939E2,6.432000160E0,0.000000000E0
3.510059985E2,5.233347998E1,4.865985410E0,1.619587402E1,1.330000043E0,1.755000000E2,6.432000160E0,0.000000000E0
3.520130605E2,5.233347199E1,4.865980030E0,1.579249268E1,1.320000052E0,1.831999969E2,6.432000160E0,0.000000000E0
3.530105908E2,5.233346408E1,4.865970820E0,1.441297607E1,1.309999943E0,1.926999969E2,6.432000160E0,0.000000000E0
3.540099433E2,5.233345567E1,4.865961210E0,1.356080322E1,1.289999962E0,1.916999969E2,6.432000160E0,0.000000000E0
3.550137122E2,5.233344666E1,4.865954040E0,1.283131104E1,1.279999971E0,1.880000000E2,6.432000160E0,0.000000000E0
3.560072294E2,5.233343617E1,4.865950290E0,1.230988770E1,1.289999962E0,1.773000031E2,5.360000134E0,0.000000000E0
3.570057126E2,5.233342672E1,4.865950030E0,1.278168945E1,1.279999971E0,1.708000031E2,5.360000134E0,0.000000000E0
3.580031827E2,5.233341590E1,4.865950950E0,1.261396484E1,1.279999971E0,1.678999939E2,5.360000134E0,0.000000000E0
3.590049784E2,5.233340264E1,4.865952620E0,1.240864258E1,1.279999971E0,1.663999939E2,5.360000134E0,0.000000000E0
3.600017162E2,5.233338902E1,4.865952720E0,1.203657227E1,1.259999990E0,1.711000061E2,5.360000134E0,0.000000000E0
3.610043824E2,5.233337149E1,4.865948600E0,1.122779541E1,1.159999967E0,1.881999969E2,6.432000160E0,0.000000000E0
3.620026332E2,5.233335198E1,4.865945110E0,1.151301270E1,1.159999967E0,1.863000031E2,7.504000187E0,0.000000000E0
3.630073101E2,5.233333561E1,4.865939610E0,1.239362793E1,1.169999957E0,1.916000061E2,8.576000214E0,0.000000000E0
3.640116163E2,5.233331775E1,4.865942400E0,1.194007568E1,1.269999981E0,1.745000000E2,9.648000717E0,0.000000000E0
3.650098292E2,5.233330412E1,4.865942880E0,1.355634766E1,1.269999981E0,1.788000031E2,9.648000717E0,0.000000000E0
3.660045366E2,5.233329227E1,4.865941460E0,2.085278320E0,1.269999981E0,1.841999969E2,1.072000027E1,0.000000000E0
3.669964605E2,5.233328061E1,4.865938930E0,3.580456543E0,1.259999990E0,1.876000061E2,1.072000027E1,0.000000000E0
3.679954895E2,5.233326941E1,4.865929650E0,4.705456543E0,1.250000000E0,2.068999939E2,1.072000027E1,0.000000000E0
3.690020699E2,5.233325926E1,4.865917580E0,5.805493164E0,1.250000000E0,2.161000061E2,1.072000027E1,0.000000000E0
3.699995634E2,5.233324713E1,4.865911650E0,7.387036133E0,1.250000000E0,1.966999969E2,9.648000717E0,0.000000000E0
3.710123496E2,5.233323354E1,4.865906660E0,7.889111328E0,1.250000000E0,1.926999969E2,9.648000717E0,0.000000000E0
3.720039785E2,5.233321829E1,4.865907140E0,1.011408691E1,1.259999990E0,1.788999939E2,9.648000717E0,0.000000000E0
3.730018195E2,5.233320274E1,4.865914220E0,1.124281006E1,1.250000000E0,1.643999939E2,1.072000027E1,0.000000000E0
3.739978438E2,5.233318934E1,4.865928650E0,1.134040527E1,1.340000033E0,1.466000061E2,1.072000027E1,0.000000000E0
3.750020243E2,5.233318047E1,4.865950870E0,1.265607910E1,1.330000043E0,1.230999985E2,1.072000027E1,0.000000000E0
3.760009257E2,5.233317085E1,4.865976500E0,1.320209961E1,1.330000043E0,1.215000000E2,1.072000027E1,0.000000000E0
3.769987993E2,5.233316224E1,4.866000890E0,1.369215088E1,1.320000052E0,1.200000000E2,1.072000027E1,0.000000000E0
3.779946013E2,5.233315573E1,4.866023960E0,1.545856934E1,1.330000043E0,1.146999969E2,1.072000027E1,0.000000000E0
3.789973548E2,5.233314942E1,4.866045980E0,1.657893066E1,1.320000052E0,1.150999985E2,9.648000717E0,0.000000000E0
3.800021373E2,5.233314434E1,4.866068950E0,1.787977295E1,1.299999952E0,1.098000031E2,9.648000717E0,0.000000000E0
3.810044663E2,5.233314069E1,4.866093570E0,1.917200928E1,1.299999952E0,1.035999985E2,9.648000717E0,0.000000000E0
3.820047919E2,5.233313957E1,4.866120480E0,1.893470459E1,1.299999952E0,9.390000153E1,9.648000717E0,0.000000000E0
3.830054267E2,5.233314087E1,4.866144840E0,2.076582031E1,1.279999971E0,8.500000000E1,8.576000214E0,0.000000000E0
3.840032546E2,5.233313929E1,4.866166460E0,2.066791992E1,1.279999971E0,9.680000305E1,9.648000717E0,0.000000000E0
3.850115619E2,5.233313627E1,4.866188060E0,2.126484375E1,1.279999971E0,1.029000015E2,9.648000717E0,0.000000000E0
3.860036036E2,5.233313575E1,4.866211620E0,2.225361328E1,1.279999971E0,9.200000000E1,9.648000717E0,0.000000000E0
3.870038115E2,5.233314316E1,4.866234560E0,2.129224854E1,1.269999981E0,6.220000076E1,9.648000717E0,0.000000000E0
3.880075853E2,5.233315103E1,4.866250670E0,2.067866211E1,1.259999990E0,7.509999847E1,8.576000214E0,0.000000000E0
3.890062548E2,5.233315900E1,4.866265300E0,2.016364746E1,1.250000000E0,7.819999695E1,8.576000214E0,0.000000000E0
3.900020811E2,5.233316467E1,4.866277250E0,2.006434326E1,1.259999990E0,5.229999924E1,7.504000187E0,0.000000000E0
3.910110026E2,5.233316811E1,4.866293140E0,1.902039795E1,1.269999981E0,7.050000000E1,6.432000160E0,0.000000000E0
3.920134927E2,5.233316524E1,4.866313960E0,1.869263916E1,1.299999952E0,1.026999969E2,7.504000187E0,0.000000000E0
3.930168498E2,5.233316204E1,4.866334950E0,1.819739990E1,1.309999943E0,1.040000000E2,7.504000187E0,0.000000000E0
3.940067851E2,5.233316022E1,4.866357000E0,1.894331055E1,1.309999943E0,9.769999695E1,6.432000160E0,0.000000000E0
3.949979942E2,5.233316138E1,4.866380140E0,1.925361328E1,1.320000052E0,8.919999695E1,7.504000187E0,0.000000000E0
3.960005020E2,5.233316364E1,4.866400380E0,1.926441650E1,1.320000052E0,8.469999695E1,7.504000187E0,0.000000000E0
3.969998027E2,5.233316663E1,4.866418520E0,1.878681641E1,1.320000052E0,8.269999695E1,8.576000214E0,0.000000000E0
3.980113127E2,5.233316836E1,4.866436130E0,1.830024414E1,1.320000052E0,8.590000153E1,8.576000214E0,0.000000000E0
3.990145479E2,5.233316625E1,4.866450640E0,1.867725830E1,1.320000052E0,1.140000000E2,8.576000214E0,0.000000000E0
4.000074897E2,5.233315906E1,4.866461780E0,1.836542969E1,1.320000052E0,1.443999939E2,8.576000214E0,0.000000000E0
4.010080244E2,5.233315019E1,4.866475130E0,1.753785400E1,1.330000043E0,1.541000061E2,8.576000214E0,0.000000000E0
4.020101958E2,5.233314424E1,4.866492030E0,1.689008789E1,1.330000043E0,1.249000015E2,8.576000214E0,0.000000000E0
4.030120378E2,5.233314044E1,4.866511480E0,1.667670898E1,1.330000043E0,1.388999939E2,8.576000214E0,0.000000000E0
4.040143203E2,5.233313591E1,4.866532370E0,1.755500488E1,1.340000033E0,1.326999969E2,7.504000187E0,0.000000000E0
4.050009918E2,5.233312974E1,4.866553070E0,1.678944092E1,1.340000033E0,1.305000000E2,8.576000214E0,0.000000000E0
4.060025478E2,5.233312233E1,4.866569720E0,1.639204102E1,1.320000052E0,1.351000061E2,7.504000187E0,0.000000000E0
4.070107851E2,5.233311958E1,4.866578180E0,1.650898437E1,2.099999934E-1,3.500000000E0,7.504000187E0,0.000000000E0
4.080110745E2,5.233312021E1,4.866582560E0,1.644093018E1,0.000000000E0,0.000000000E0,8.576000214E0,0.000000000E0
4.090153292E2,5.233312207E1,4.866584290E0,1.655463867E1,2.099999934E-1,2.301999969E2,7.504000187E0,0.000000000E0
4.100055624E2,5.233312594E1,4.866583590E0,1.580091553E1,1.800000072E-1,3.157000122E2,7.504000187E0,0.000000000E0
4.110096363E2,5.233313550E1,4.866580480E0,1.585621338E1,7.699999809E-1,3.295000000E2,7.504000187E0,0.000000000E0
4.120114770E2,5.233314120E1,4.866581050E0,1.521375732E1,3.700000048E-1,5.279999924E1,7.504000187E0,0.000000000E0
4.130126444E2,5.233314644E1,4.866584230E0,1.480164795E1,3.600000143E-1,3.477000122E2,7.504000187E0,0.000000000E0
4.140118177E2,5.233314711E1,4.866590040E0,1.420100098E1,1.500000060E-1,4.279999924E1,7.504000187E0,0.000000000E0
4.149951422E2,5.233314465E1,4.866595260E0,1.362855225E1,0.000000000E0,0.000000000E0,7.504000187E0,0.000000000E0
4.160036756E2,5.233314096E1,4.866600500E0,1.360023193E1,2.099999934E-1,1.641999969E2,7.504000187E0,0.000000000E0
4.169957674E2,5.233313704E1,4.866603680E0,1.332764893E1,0.000000000E0,0.000000000E0,7.504000187E0,0.000000000E0
4.180006830E2,5.233313173E1,4.866603910E0,1.267261963E1,3.300000131E-1,2.131999969E2,7.504000187E0,0.000000000E0
4.190107555E2,5.233312810E1,4.866604280E0,1.313679199E1,0.000000000E0,0.000000000E0,7.504000187E0,0.000000000E0
4.200042768E2,5.233312415E1,4.866608110E0,1.271217041E1,5.099999905E-1,1.351000061E2,7.504000187E0,0.000000000E0
4.209927976E2,5.233312115E1,4.866620590E0,1.219434814E1,1.080000043E0,1.066999969E2,7.504000187E0,0.000000000E0
4.219978657E2,5.233311939E1,4.866636970E0,1.370106201E1,1.279999971E0,1.150000000E2,7.504000187E0,0.000000000E0
4.229998433E2,5.233311572E1,4.866654800E0,1.318153076E1,1.289999962E0,1.140999985E2,7.504000187E0,0.000000000E0
4.240037811E2,5.233311318E1,4.866673030E0,1.339576416E1,1.299999952E0,1.200999985E2,7.504000187E0,0.000000000E0
4.249933136E2,5.233311478E1,4.866694990E0,1.382783203E1,1.309999943E0,1.114000015E2,7.504000187E0,0.000000000E0
4.260037232E2,5.233312315E1,4.866722180E0,1.436628418E1,1.309999943E0,9.659999847E1,8.576000214E0,0.000000000E0
4.270113267E2,5.233314032E1,4.866750600E0,1.576685791E1,1.309999943E0,7.359999847E1,8.576000214E0,0.000000000E0
4.279962499E2,5.233316187E1,4.866780170E0,1.624775391E1,1.320000052E0,6.140000153E1,8.576000214E0,0.000000000E0
4.289946518E2,5.233318808E1,4.866804580E0,1.748566895E1,1.330000043E0,2.760000038E1,8.576000214E0,0.000000000E0
4.299928800E2,5.233321589E1,4.866828210E0,1.818037109E1,1.309999943E0,3.690000153E1,7.504000187E0,0.000000000E0
4.310018245E2,5.233324230E1,4.866852930E0,1.853449707E1,1.259999990E0,3.479999924E1,7.504000187E0,0.000000000E0
4.320010271E2,5.233326499E1,4.866875920E0,1.766370850E1,1.259999990E0,1.870000076E1,6.432000160E0,0.000000000E0
4.329962304E2,5.233328808E1,4.866898020E0,1.783839111E1,1.259999990E0,2.229999924E1,6.432000160E0,0.000000000E0
4.339922438E2,5.233331361E1,4.866913390E0,1.722620850E1,1.279999971E0,1.920000076E1,5.360000134E0,0.000000000E0
4.349949675E2,5.233333894E1,4.866924460E0,1.715412598E1,1.210000038E0,1.920000076E1,5.360000134E0,0.000000000E0
4.360091672E2,5.233336416E1,4.866934600E0,1.706562500E1,1.179999948E0,1.800000000E1,4.288000107E0,0.000000000E0
4.370127449E2,5.233338785E1,4.866944070E0,1.678406982E1,1.190000057E0,1.620000076E1,4.288000107E0,0.000000000E0
4.380141597E2,5.233341394E1,4.866942690E0,1.416029053E1,1.210000038E0,6.000000000E0,4.288000107E0,0.000000000E0
4.390058888E2,5.233343666E1,4.866938820E0,1.371833496E1,1.220000029E0,3.572000122E2,4.288000107E0,0.000000000E0
4.400018340E2,5.233345882E1,4.866934350E0,1.227528076E1,1.250000000E0,3.552999878E2,4.288000107E0,0.000000000E0
4.410076230E2,5.233347912E1,4.866937980E0,1.122895508E1,1.259999990E0,8.950000000E1,4.288000107E0,0.000000000E0
4.420010610E2,5.233349753E1,4.866949440E0,1.211445312E1,1.250000000E0,5.740000153E1,4.288000107E0,0.000000000E0
4.429935012E2,5.233351255E1,4.866966000E0,1.219636230E1,1.240000010E0,7.750000000E1,4.288000107E0,0.000000000E0
4.439924076E2,5.233352621E1,4.866983170E0,1.240101318E1,1.220000029E0,6.950000000E1,4.288000107E0,0.000000000E0
4.450021276E2,5.233353809E1,4.867000010E0,1.245606689E1,1.179999948E0,7.090000153E1,4.288000107E0,0.000000000E0
4.460023931E2,5.233354405E1,4.867016520E0,1.280988770E1,1.149999976E0,9.219999695E1,5.360000134E0,0.000000000E0
4.470051179E2,5.233354776E1,4.867033650E0,1.370295410E1,1.129999995E0,1.049000015E2,6.432000160E0,0.000000000E0
4.479998166E2,5.233354854E1,4.867051420E0,1.310706787E1,1.110000014E0,1.130000000E2,7.504000187E0,0.000000000E0
4.490074106E2,5.233354627E1,4.867069750E0,1.288117676E1,1.110000014E0,1.064000015E2,6.432000160E0,0.000000000E0
4.500061985E2,5.233354545E1,4.867090930E0,1.335480957E1,1.179999948E0,1.123000031E2,6.432000160E0,0.000000000E0
4.510028577E2,5.233355058E1,4.867127330E0,1.459998779E1,1.840000033E0,9.400000000E1,6.432000160E0,0.000000000E0
4.520073191E2,5.233355991E1,4.867169950E0,1.491688232E1,1.899999976E0,7.600000000E1,7.504000187E0,0.000000000E0
4.530130642E2,5.233357287E1,4.867212720E0,1.521723633E1,1.960000038E0,6.759999847E1,7.504000187E0,0.000000000E0
4.540113935E2,5.233358755E1,4.867255130E0,1.631361084E1,2.009999990E0,7.019999695E1,8.576000214E0,0.000000000E0
4.550077916E2,5.233360623E1,4.867295630E0,1.592353516E1,2.059999943E0,5.950000000E1,8.576000214E0,0.000000000E0
4.560070861E2,5.233362546E1,4.867332120E0,1.614991455E1,2.000000000E0,4.429999924E1,8.576000214E0,0.000000000E0
4.570097874E2,5.233364450E1,4.867361680E0,1.584138184E1,1.940000057E0,2.660000038E1,9.648000717E0,0.000000000E0
4.580013010E2,5.233366108E1,4.867388120E0,1.490235596E1,1.860000014E0,2.670000076E1,9.648000717E0,0.000000000E0
4.589938947E2,5.233367334E1,4.867416670E0,1.434864502E1,1.779999971E0,3.400000000E1,1.072000027E1,0.000000000E0
4.599989653E2,5.233368686E1,4.867448380E0,1.294965820E1,1.720000029E0,4.370000076E1,1.179199982E1,0.000000000E0
4.610065277E2,5.233370245E1,4.867490690E0,1.095289307E1,1.850000024E0,5.229999924E1,1.179199982E1,0.000000000E0
4.620046807E2,5.233370288E1,4.867551080E0,1.270399170E1,1.980000019E0,7.219999695E1,9.648000717E0,0.000000000E0
4.629970394E2,5.233370018E1,4.867612580E0,1.269074707E1,2.069999933E0,8.800000000E1,8.576000214E0,0.000000000E0
4.640127977E2,5.233369382E1,4.867665570E0,1.080213623E1,2.119999886E0,1.125000000E2,9.648000717E0,0.000000000E0
4.650030171E2,5.233368291E1,4.867716770E0,9.807995605E0,2.190000057E0,1.230999985E2,9.648000717E0,0.000000000E0
4.660101219E2,5.233366630E1,4.867776780E0,8.995739746E0,2.339999914E0,1.348999939E2,8.576000214E0,0.000000000E0
4.670128652E2,5.233365258E1,4.867839060E0,7.516064453E0,2.410000086E0,1.295000000E2,9.648000717E0,0.000000000E0
4.680069789E2,5.233363958E1,4.867906980E0,6.086560059E0,2.519999981E0,1.258000031E2,8.576000214E0,0.000000000E0
4.690087837E2,5.233361323E1,4.867964990E0,6.113842773E0,2.650000095E0,1.425000000E2,8.576000214E0,0.000000000E0
4.700042303E2,5.233358307E1,4.868016320E0,5.300366211E0,2.720000029E0,1.628000031E2,7.504000187E0,0.000000000E0
4.710054755E2,5.233355536E1,4.868059130E0,3.181469727E0,2.609999895E0,1.735000000E2,8.576000214E0,0.000000000E0
4.720162337E2,5.233352649E1,4.868102590E0,3.771069336E0,2.730000019E0,1.700000000E2,8.576000214E0,0.000000000E0
4.730038542E2,5.233349410E1,4.868154090E0,3.815686035E0,2.940000057E0,1.666000061E2,8.576000214E0,0.000000000E0
4.740013039E2,5.233345437E1,4.868204060E0,3.853222656E0,3.180000067E0,1.701999969E2,8.576000214E0,0.000000000E0
4.750133977E2,5.233342582E1,4.868245910E0,1.182568359E0,1.389999986E0,1.698999939E2,6.432000160E0,0.000000000E0
4.760137314E2,5.233340389E1,4.868285320E0,6.098632812E-2,1.419999957E0,1.700000000E2,5.360000134E0,0.000000000E0
4.770122917E2,5.233337955E1,4.868321340E0,-1.689868164E0,1.419999957E0,1.678000031E2,5.360000134E0,0.000000000E0
4.780036130E2,5.233335086E1,4.868358860E0,-3.244311523E0,1.399999976E0,1.691999969E2,4.288000107E0,0.000000000E0
4.790046559E2,5.233332218E1,4.868394390E0,-2.694580078E-1,1.379999995E0,1.713999939E2,4.288000107E0,0.000000000E0
4.800019108E2,5.233328874E1,4.868426710E0,-1.357714844E0,1.360000014E0,1.696000061E2,4.288000107E0,0.000000000E0
4.810012735E2,5.233325633E1,4.868450650E0,-5.137207031E-1,1.330000043E0,1.958000031E2,4.288000107E0,0.000000000E0
4.819962364E2,5.233322428E1,4.868469290E0,3.902709961E-1,1.309999943E0,1.831999969E2,9.648000717E0,0.000000000E0
4.830055225E2,5.233319294E1,4.868484260E0,7.867553711E-1,1.269999981E0,1.846000061E2,9.648000717E0,0.000000000E0
4.840148795E2,5.233316092E1,4.868494400E0,3.767089844E-2,1.309999943E0,1.853999939E2,9.648000717E0,0.000000000E0
4.850173179E2,5.233312862E1,4.868505440E0,-7.248413086E-1,1.309999943E0,1.801999969E2,9.648000717E0,0.000000000E0
4.860060182E2,5.233309442E1,4.868514680E0,-1.139404297E-1,1.379999995E0,1.813999939E2,9.648000717E0,0.000000000E0
4.870051911E2,5.233305928E1,4.868522160E0,1.159191895E0,1.399999976E0,1.826000061E2,9.648000717E0,0.000000000E0
4.880063669E2,5.233302274E1,4.868528740E0,8.665283203E-1,1.519999981E0,1.811999969E2,9.648000717E0,0.000000000E0
4.890127813E2,5.233297705E1,4.868533590E0,9.328125000E-1,3.059999943E0,1.801000061E2,5.360000134E0,0.000000000E0
4.900111805E2,5.233291938E1,4.868530650E0,1.554687500E-1,3.430000067E0,1.908999939E2,4.288000107E0,0.000000000E0
4.910074689E2,5.233286300E1,4.868527150E0,-3.585693359E-1,3.559999943E0,1.780000000E2,5.360000134E0,0.000000000E0
4.920037293E2,5.233280532E1,4.868525860E0,-1.244555664E0,3.700000048E0,1.786000061E2,5.360000134E0,0.000000000E0
4.930026023E2,5.233274512E1,4.868525620E0,-2.463183594E0,3.819999933E0,1.808999939E2,5.360000134E0,0.000000000E0
4.940115755E2,5.233268235E1,4.868528410E0,-2.650134277E0,4.099999905E0,1.781000061E2,5.360000134E0,0.000000000E0
4.950052665E2,5.233262275E1,4.868533560E0,-1.556079102E0,4.179999828E0,1.750000000E2,5.360000134E0,0.000000000E0
4.960115564E2,5.233256283E1,4.868538260E0,-1.500720215E0,4.369999886E0,1.833000031E2,5.360000134E0,0.000000000E0
4.970091476E2,5.233250536E1,4.868540290E0,-3.698608398E-1,4.320000172E0,1.836999969E2,5.360000134E0,0.000000000E0
4.980105736E2,5.233244531E1,4.868541620E0,-5.364257813E-1,4.420000076E0,1.766999969E2,5.360000134E0,0.000000000E0
4.990129625E2,5.233238926E1,4.868546800E0,2.760131836E-1,4.380000114E0,1.731999969E2,5.360000134E0,0.000000000E0
5.000069569E2,5.233233993E1,4.868556580E0,2.886474609E-1,4.300000191E0,1.798999939E2,5.360000134E0,0.000000000E0
5.010123432E2,5.233228785E1,4.868565740E0,2.637451172E-1,4.469999790E0,1.840000000E2,5.360000134E0,0.000000000E0
5.020124276E2,5.233223626E1,4.868570090E0,1.288708496E0,4.519999981E0,1.813999939E2,5.360000134E0,0.000000000E0
5.030172253E2,5.233218479E1,4.868557470E0,1.068066406E0,4.690000057E0,2.076999969E2,5.360000134E0,0.000000000E0
5.040113973E2,5.233214397E1,4.868526550E0,5.445556641E-2,4.519999981E0,2.301999969E2,5.360000134E0,0.000000000E0
5.050033023E2,5.233211087E1,4.868475250E0,-2.718994141E-1,4.460000038E0,2.443999939E2,5.360000134E0,0.000000000E0
5.060042660E2,5.233209097E1,4.868403390E0,-1.232043457E0,4.349999905E0,2.448000031E2,5.360000134E0,0.000000000E0
5.069961306E2,5.233208127E1,4.868323400E0,-9.549438477E-1,4.400000095E0,2.661000061E2,5.360000134E0,0.000000000E0
5.080130317E2,5.233208198E1,4.868281140E0,-2.094470215E0,1.460000038E0,2.707999878E2,4.288000107E0,0.000000000E0
5.090134101E2,5.233208845E1,4.868255520E0,-2.536181641E0,1.460000038E0,2.752000122E2,4.288000107E0,0.000000000E0
5.099995726E2,5.233209486E1,4.868225340E0,-3.825915527E0,1.480000019E0,2.757000122E2,4.288000107E0,0.000000000E0
5.110063487E2,5.233209934E1,4.868190510E0,-4.550280762E0,1.490000010E0,2.700000000E2,4.288000107E0,0.000000000E0
5.120029401E2,5.233210352E1,4.868152740E0,-4.309558105E0,1.480000019E0,2.727000122E2,4.288000107E0,0.000000000E0
5.130056316E2,5.233210728E1,4.868121770E0,-3.950915527E0,6.899999976E-1,2.747999878E2,4.288000107E0,0.000000000E0
5.140134619E2,5.233210981E1,4.868094120E0,-4.701281738E0,7.099999785E-1,2.677999878E2,4.288000107E0,0.000000000E0
5.150148913E2,5.233211064E1,4.868058180E0,-4.141650391E0,1.100000024E0,2.663999939E2,4.288000107E0,0.000000000E0
5.160173241E2,5.233211165E1,4.868018030E0,-3.469714355E0,1.200000048E0,2.732000122E2,4.288000107E0,0.000000000E0
5.170144048E2,5.233211215E1,4.867969460E0,-3.537036133E0,1.350000024E0,2.683999939E2,4.288000107E0,0.000000000E0
5.180103843E2,5.233211298E1,4.867915540E0,-2.028552246E0,1.440000057E0,2.737999878E2,4.288000107E0,0.000000000E0
5.190119028E2,5.233211358E1,4.867865350E0,-1.444018555E0,1.490000010E0,2.760000000E2,5.360000134E0,0.000000000E0
5.200144181E2,5.233211310E1,4.867812120E0,-1.607714844E0,1.590000033E0,2.721000061E2,5.360000134E0,0.000000000E0
5.210166361E2,5.233211164E1,4.867748890E0,-2.429736328E0,1.929999948E0,2.681000061E2,4.288000107E0,0.000000000E0
5.220232056E2,5.233211190E1,4.867669100E0,-2.842272949E0,2.309999943E0,2.748999939E2,5.360000134E0,0.000000000E0
5.230126379E2,5.233212051E1,4.867321660E0,-3.305468750E0,2.930000067E0,2.742999878E2,5.360000134E0,0.000000000E0
5.240198058E2,5.233211955E1,4.867270290E0,-3.715441895E0,3.130000114E0,2.690000000E2,6.432000160E0,0.000000000E0
5.250155089E2,5.233212038E1,4.867182610E0,-3.403735352E0,3.920000076E0,2.692000122E2,6.432000160E0,0.000000000E0
5.260128167E2,5.233211914E1,4.867107780E0,-2.782763672E0,3.920000076E0,2.652000122E2,7.504000187E0,0.000000000E0
5.270115215E2,5.233211680E1,4.867012120E0,-3.099658203E0,4.800000191E0,2.667000122E2,7.504000187E0,0.000000000E0
5.280241535E2,5.233211393E1,4.866926280E0,-2.011218262E0,4.440000057E0,2.672000122E2,7.504000187E0,0.000000000E0
5.290092785E2,5.233211413E1,4.866845600E0,-1.583178711E0,4.369999886E0,2.767000122E2,8.576000214E0,0.000000000E0
5.300128870E2,5.233211638E1,4.866782110E0,2.609985352E-1,3.029999971E0,2.761000061E2,6.432000160E0,0.000000000E0
5.310153826E2,5.233212057E1,4.866730810E0,2.149548340E0,3.039999962E0,2.727000122E2,6.432000160E0,0.000000000E0
5.320083366E2,5.233212273E1,4.866685290E0,4.187145996E0,3.009999990E0,2.693999939E2,7.504000187E0,0.000000000E0
5.330070350E2,5.233212149E1,4.866609890E0,4.479504395E0,3.430000067E0,2.652000122E2,7.504000187E0,0.000000000E0
5.340126115E2,5.233211913E1,4.866513340E0,5.094250488E0,3.809999943E0,2.672999878E2,7.504000187E0,0.000000000E0
5.350134922E2,5.233211502E1,4.866418340E0,4.908947754E0,3.890000105E0,2.638999939E2,7.504000187E0,0.000000000E0
5.360120738E2,5.233211067E1,4.866328410E0,5.131298828E0,3.940000057E0,2.631000061E2,8.576000214E0,0.000000000E0
5.370038839E2,5.233210543E1,4.866245290E0,5.703015137E0,3.920000076E0,2.661000061E2,9.648000717E0,0.000000000E0
5.380063723E2,5.233209977E1,4.866149030E0,4.877575684E0,4.199999809E0,2.701000061E2,8.576000214E0,0.000000000E0
5.390219942E2,5.233209854E1,4.866070130E0,5.640209961E0,4.159999847E0,2.727999878E2,7.504000187E0,0.000000000E0
5.400113743E2,5.233210607E1,4.866006230E0,5.437878418E0,4.119999886E0,3.203999939E2,8.576000214E0,0.000000000E0
5.410132633E2,5.233210452E1,4.865960400E0,5.587109375E0,4.050000191E0,2.520000000E2,7.504000187E0,0.000000000E0
5.420081166E2,5.233209332E1,4.865932420E0,5.637463379E0,3.970000029E0,1.978999939E2,7.504000187E0,0.000000000E0
5.430016827E2,5.233207171E1,4.865937230E0,6.076306152E0,3.779999971E0,1.415000000E2,7.504000187E0,0.000000000E0
5.439989869E2,5.233204724E1,4.865977190E0,5.658886719E0,3.690000057E0,1.235000000E2,7.504000187E0,0.000000000E0
5.450025099E2,5.233204819E1,4.866057680E0,6.003125000E0,2.579999924E0,1.010000000E2,5.360000134E0,0.000000000E0
5.459841835E2,5.233205708E1,4.866128760E0,6.073986816E0,3.000000000E0,9.440000153E1,5.360000134E0,0.000000000E0
5.469907507E2,5.233206549E1,4.866191440E0,6.248181152E0,3.150000095E0,8.969999695E1,4.288000107E0,0.000000000E0
5.479832594E2,5.233207074E1,4.866245450E0,6.292736816E0,3.410000086E0,9.400000000E1,6.432000160E0,0.000000000E0
5.489837043E2,5.233207483E1,4.866309140E0,6.865673828E0,3.500000000E0,8.980000305E1,7.504000187E0,0.000000000E0
5.499825554E2,5.233208702E1,4.866366680E0,6.970959473E0,3.329999924E0,8.319999695E1,8.576000214E0,0.000000000E0
5.510023105E2,5.233209386E1,4.866415600E0,6.880810547E0,3.309999943E0,8.359999847E1,8.576000214E0,0.000000000E0
5.520031661E2,5.233208114E1,4.866463290E0,5.918530273E0,3.650000095E0,8.619999695E1,4.288000107E0,0.000000000E0
5.529833297E2,5.233208937E1,4.866523640E0,7.276318359E0,4.130000114E0,8.859999847E1,4.288000107E0,0.000000000E0
5.539846504E2,5.233209773E1,4.866595100E0,7.751843262E0,4.650000095E0,8.780000305E1,4.288000107E0,0.000000000E0
5.549944120E2,5.233210202E1,4.866662040E0,7.321850586E0,4.400000095E0,8.890000153E1,4.288000107E0,0.000000000E0
5.559964493E2,5.233210384E1,4.866716750E0,8.022412109E0,4.190000057E0,9.430000305E1,3.216000080E0,0.000000000E0
5.569907674E2,5.233211730E1,4.866781390E0,7.652355957E0,4.699999809E0,8.119999695E1,3.216000080E0,0.000000000E0
5.579943094E2,5.233211719E1,4.866842430E0,6.864514160E0,4.570000172E0,8.080000305E1,3.216000080E0,0.000000000E0
5.589930853E2,5.233210908E1,4.866919370E0,7.568005371E0,4.769999981E0,9.290000153E1,3.216000080E0,0.000000000E0
5.599899017E2,5.233210234E1,4.866985630E0,6.986096191E0,4.460000038E0,9.419999695E1,3.216000080E0,0.000000000E0
5.609966341E2,5.233210934E1,4.867048410E0,6.824047852E0,4.469999790E0,8.669999695E1,3.216000080E0,0.000000000E0
5.619962712E2,5.233210911E1,4.867112620E0,7.100048828E0,4.210000038E0,9.330000305E1,3.216000080E0,0.000000000E0
5.629947550E2,5.233210178E1,4.867170130E0,6.924389648E0,3.789999962E0,1.026999969E2,3.216000080E0,0.000000000E0
5.639916921E2,5.233209939E1,4.867205540E0,6.171704102E0,1.080000043E0,9.169999695E1,3.216000080E0,0.000000000E0
5.649998777E2,5.233209934E1,4.867224660E0,5.173901367E0,1.230000019E0,9.709999847E1,3.216000080E0,0.000000000E0
5.660117413E2,5.233209938E1,4.867259440E0,3.161511230E0,2.880000114E0,9.300000000E1,6.432000160E0,0.000000000E0
5.670053578E2,5.233210310E1,4.867259420E0,2.488354492E0,0.000000000E0,0.000000000E0,1.715200043E1,0.000000000E0
5.680002125E2,5.233210716E1,4.867246610E0,1.276318359E0,3.170000076E0,8.959999847E1,7.504000187E0,0.000000000E0
5.690012456E2,5.233209806E1,4.867513030E0,6.806640625E-2,2.569999933E0,9.350000000E1,6.432000160E0,0.000000000E0
5.700026571E2,5.233209721E1,4.867537930E0,9.078491211E-1,3.309999943E0,8.409999847E1,5.360000134E0,0.000000000E0
5.710118975E2,5.233209442E1,4.867549170E0,4.535644531E-1,3.670000076E0,8.480000305E1,5.360000134E0,0.000000000E0
5.720174149E2,5.233209398E1,4.867546600E0,8.520629883E-1,3.680000067E0,9.119999695E1,5.360000134E0,0.000000000E0
5.730023164E2,5.233209323E1,4.867546840E0,1.152355957E0,2.890000105E0,8.959999847E1,5.360000134E0,0.000000000E0
5.740081913E2,5.233209756E1,4.867829550E0,5.988891602E-1,2.670000076E0,8.709999847E1,5.360000134E0,0.000000000E0
5.750133722E2,5.233209814E1,4.867828360E0,8.122680664E-1,2.799999952E0,8.459999847E1,4.288000107E0,0.000000000E0
5.760124482E2,5.233209871E1,4.867837450E0,7.810791016E-1,2.569999933E0,8.219999695E1,4.288000107E0,0.000000000E0
5.770017359E2,5.233210003E1,4.867851060E0,2.115551758E0,2.380000114E0,8.319999695E1,4.288000107E0,0.000000000E0
5.779959972E2,5.233210089E1,4.867857540E0,1.798474121E0,2.160000086E0,9.090000153E1,4.288000107E0,0.000000000E0
5.790020872E2,5.233210291E1,4.867872920E0,1.735302734E0,2.000000000E0,7.130000305E1,4.288000107E0,0.000000000E0
5.800070927E2,5.233212969E1,4.868135530E0,6.425903320E-1,2.049999952E0,8.900000000E1,4.288000107E0,0.000000000E0
5.810137047E2,5.233212682E1,4.868148590E0,4.737060547E-1,2.079999924E0,7.180000305E1,4.288000107E0,0.000000000E0
5.820106127E2,5.233214107E1,4.868342610E0,-3.980590820E-1,4.039999962E0,8.569999695E1,3.216000080E0,0.000000000E0
5.829911879E2,5.233215144E1,4.868403920E0,7.450683594E-1,3.769999981E0,7.680000305E1,3.216000080E0,0.000000000E0
5.839917689E2,5.233217216E1,4.868455420E0,1.863415527E0,3.710000038E0,6.290000153E1,3.216000080E0,0.000000000E0
5.849966978E2,5.233218856E1,4.868514190E0,2.160412598E0,3.519999981E0,6.519999695E1,3.216000080E0,0.000000000E0
5.859905352E2,5.233221135E1,4.868548100E0,2.059338379E0,3.269999981E0,3.970000076E1,3.216000080E0,0.000000000E0
5.869993173E2,5.233224487E1,4.868551000E0,1.450878906E0,3.349999905E0,1.069999981E1,3.216000080E0,0.000000000E0
5.879954302E2,5.233226018E1,4.868548920E0,1.102185059E0,1.299999952E0,3.000000119E-1,3.216000080E0,0.000000000E0
5.889981247E2,5.233227613E1,4.868555310E0,-1.509753418E0,1.720000029E0,7.900000095E0,3.216000080E0,0.000000000E0
5.900065285E2,5.233230685E1,4.868562110E0,-2.052478027E0,3.589999914E0,3.200000048E0,6.432000160E0,0.000000000E0
5.910001349E2,5.233234291E1,4.868567510E0,-6.215087891E-1,3.440000057E0,2.799999952E0,3.216000080E0,0.000000000E0
5.919949389E2,5.233238116E1,4.868570090E0,-2.081176758E-1,3.930000067E0,6.000000238E-1,3.216000080E0,0.000000000E0
5.930119252E2,5.233244013E1,4.868572470E0,-3.630371094E-2,3.849999905E0,1.299999952E0,3.216000080E0,0.000000000E0
5.940087342E2,5.233248778E1,4.868569500E0,-6.896240234E-1,3.569999933E0,3.590000000E2,3.216000080E0,0.000000000E0
5.949875537E2,5.233252195E1,4.868561390E0,4.094970703E-1,3.460000038E0,1.799999952E0,3.216000080E0,0.000000000E0
5.959932208E2,5.233256754E1,4.868564170E0,-3.554565430E-1,4.570000172E0,3.000000119E-1,3.216000080E0,0.000000000E0
5.969945958E2,5.233260574E1,4.868575100E0,1.135449219E0,4.730000019E0,1.799999952E0,3.216000080E0,0.000000000E0
5.979932171E2,5.233264469E1,4.868571560E0,1.459729004E0,4.179999828E0,1.500000000E0,3.216000080E0,0.000000000E0
5.989938481E2,5.233269076E1,4.868567490E0,2.331311035E0,4.619999886E0,3.597999878E2,3.216000080E0,0.000000000E0
6.000150781E2,5.233270382E1,4.868571840E0,2.077832031E0,1.220000029E0,2.310000038E1,3.216000080E0,0.000000000E0
6.010116080E2,5.233271829E1,4.868570940E0,1.445751953E0,1.740000010E0,3.556000061E2,4.288000107E0,0.000000000E0
6.020086258E2,5.233275850E1,4.868562400E0,5.427978516E-1,0.000000000E0,0.000000000E0,1.886719971E2,0.000000000E0
6.030133620E2,5.233298352E1,4.868544330E0,-1.822619629E0,0.000000000E0,0.000000000E0,2.144000053E1,0.000000000E0
6.040096191E2,5.233306614E1,4.868512270E0,-1.742053223E0,0.000000000E0,0.000000000E0,1.929600143E1,0.000000000E0
6.050119573E2,5.233300887E1,4.868522860E0,-2.617968750E0,0.000000000E0,0.000000000E0,1.715200043E1,0.000000000E0
6.059988169E2,5.233300064E1,4.868547110E0,-3.354113770E0,4.570000172E0,1.000000015E-1,4.288000107E0,0.000000000E0
6.069869364E2,5.233303538E1,4.868554730E0,-2.757800293E0,4.250000000E0,2.400000095E0,4.288000107E0,0.000000000E0
6.079891999E2,5.233308473E1,4.868564900E0,-4.026721191E0,4.989999771E0,3.500000000E0,4.288000107E0,0.000000000E0
6.089917754E2,5.233312707E1,4.868580820E0,-5.630786133E0,5.000000000E0,5.599999905E0,4.288000107E0,0.000000000E0
6.099915529E2,5.233317194E1,4.868590060E0,-3.650012207E0,4.590000153E0,5.900000095E0,5.360000134E0,0.000000000E0
6.109945032E2,5.233320489E1,4.868579090E0,-2.940783691E0,4.889999866E0,3.587999878E2,4.288000107E0,0.000000000E0
6.119930750E2,5.233323053E1,4.868579640E0,-2.977770996E0,1.639999986E0,3.598999939E2,4.288000107E0,0.000000000E0
6.129928115E2,5.233324581E1,4.868587330E0,-2.340197754E0,1.659999967E0,2.210000038E1,4.288000107E0,0.000000000E0
6.140020217E2,5.233325661E1,4.868592830E0,-1.999316406E0,1.289999962E0,1.289999962E1,4.288000107E0,0.000000000E0
6.150303607E2,5.233327013E1,4.868596170E0,-1.686999512E0,1.590000033E0,1.729999924E1,4.288000107E0,0.000000000E0
6.160121521E2,5.233328493E1,4.868596110E0,-7.103759766E-1,1.039999962E0,1.339999962E1,5.360000134E0,0.000000000E0
6.170034329E2,5.233332279E1,4.868594960E0,-4.211914063E-1,4.800000191E0,3.000000119E-1,8.576000214E0,0.000000000E0
6.180058242E2,5.233333155E1,4.868601110E0,-5.831787109E-1,0.000000000E0,0.000000000E0,1.929600143E1,0.000000000E0
6.190214763E2,5.233334923E1,4.868551790E0,-1.388427734E-1,0.000000000E0,0.000000000E0,1.929600143E1,0.000000000E0
6.200226977E2,5.233342895E1,4.868435470E0,-5.761596680E-1,0.000000000E0,0.000000000E0,1.607999992E1,0.000000000E0
6.210026718E2,5.233347249E1,4.868439350E0,-1.735717773E-1,0.000000000E0,0.000000000E0,1.500800037E1,0.000000000E0
6.219951452E2,5.233362363E1,4.868429930E0,-3.356201172E-1,0.000000000E0,0.000000000E0,1.607999992E1,0.000000000E0
6.230078996E2,5.233357867E1,4.868512390E0,1.534545898E-1,2.130000114E0,8.750000000E1,7.504000187E0,0.000000000E0
6.240136548E2,5.233358265E1,4.868517470E0,1.034008789E0,1.309999943E0,3.990000153E1,6.432000160E0,0.000000000E0
6.250001728E2,5.233359514E1,4.868522790E0,1.305615234E0,2.039999962E0,2.610000038E1,6.432000160E0,0.000000000E0
6.260012961E2,5.233361089E1,4.868533020E0,1.985363770E0,2.000000000E0,3.170000076E1,6.432000160E0,0.000000000E0
6.270032405E2,5.233362082E1,4.868533820E0,2.271130371E0,1.090000033E0,1.350000000E1,6.432000160E0,0.000000000E0
6.279976065E2,5.233362617E1,4.868516170E0,2.807141113E0,1.669999957E0,3.205000000E2,7.504000187E0,0.000000000E0
6.290047296E2,5.233363131E1,4.868473200E0,2.400402832E0,4.600000083E-1,2.747000122E2,6.432000160E0,0.000000000E0
6.300032054E2,5.233363336E1,4.868434160E0,3.038159180E0,4.699999988E-1,2.672999878E2,6.432000160E0,0.000000000E0
6.309962531E2,5.233363510E1,4.868396810E0,1.411633301E0,4.699999988E-1,2.677999878E2,6.432000160E0,0.000000000E0
6.320082365E2,5.233363741E1,4.868359110E0,2.650878906E-1,4.699999988E-1,2.675000000E2,6.432000160E0,0.000000000E0
6.330074163E2,5.233363964E1,4.868320330E0,-9.025756836E-1,4.699999988E-1,2.673999939E2,6.432000160E0,0.000000000E0
6.340027307E2,5.233364206E1,4.868284960E0,-5.110351563E-1,4.699999988E-1,2.655000000E2,6.432000160E0,0.000000000E0
6.350068323E2,5.233364665E1,4.868258040E0,1.267285156E0,4.799999893E-1,8.890000153E1,6.432000160E0,0.000000000E0
6.360051345E2,5.233365284E1,4.868238850E0,7.729003906E-1,4.799999893E-1,8.290000153E1,6.432000160E0,0.000000000E0
6.369960326E2,5.233365964E1,4.868212900E0,-4.213745117E-1,4.799999893E-1,6.059999847E1,6.432000160E0,0.000000000E0
6.379911822E2,5.233366605E1,4.868176800E0,-1.740771484E0,4.900000095E-1,2.781000061E2,6.432000160E0,0.000000000E0
6.390018502E2,5.233367080E1,4.868133740E0,-2.852587891E0,4.900000095E-1,2.760000000E2,6.432000160E0,0.000000000E0
6.399917790E2,5.233367454E1,4.868089900E0,-4.379687500E0,5.000000000E-1,2.762000122E2,6.432000160E0,0.000000000E0
6.409959040E2,5.233367761E1,4.868047900E0,-5.813708496E0,5.000000000E-1,2.746000061E2,6.432000160E0,0.000000000E0
6.420060061E2,5.233367939E1,4.868006860E0,-6.816516113E0,5.000000000E-1,2.718999939E2,6.432000160E0,0.000000000E0
6.430071898E2,5.233367747E1,4.867971870E0,-8.351000977E0,5.000000000E-1,2.498000031E2,6.432000160E0,0.000000000E0
6.440043179E2,5.233367395E1,4.867937560E0,-1.063762207E1,5.000000000E-1,2.595000000E2,6.432000160E0,0.000000000E0
6.450058412E2,5.233367137E1,4.867894580E0,-1.386094971E1,5.199999809E-1,2.538000031E2,6.432000160E0,0.000000000E0
6.460003619E2,5.233366945E1,4.867849950E0,-1.506499023E1,5.799999833E-1,2.570000000E2,6.432000160E0,0.000000000E0
6.470058046E2,5.233366794E1,4.867801070E0,-1.522117920E1,6.200000048E-1,2.577000122E2,6.432000160E0,0.000000000E0
6.480127129E2,5.233366684E1,4.867748980E0,-1.584758301E1,6.800000072E-1,2.590000000E2,6.432000160E0,0.000000000E0
6.490180949E2,5.233366275E1,4.867696020E0,-1.496245117E1,7.500000000E-1,2.565000000E2,6.432000160E0,0.000000000E0
6.500131199E2,5.233365451E1,4.867648770E0,-1.342662354E1,7.900000215E-1,2.391000061E2,6.432000160E0,0.000000000E0
6.510087395E2,5.233363944E1,4.867602950E0,-1.295457764E1,1.240000010E0,2.178999939E2,6.432000160E0,0.000000000E0
6.520131979E2,5.233361771E1,4.867563650E0,-1.273613281E1,1.320000052E0,1.986000061E2,1.072000027E1,0.000000000E0
6.530213791E2,5.233359292E1,4.867530750E0,-1.272569580E1,1.299999952E0,1.901999969E2,1.072000027E1,0.000000000E0
6.540171664E2,5.233356620E1,4.867498170E0,-1.209794922E1,1.320000052E0,1.881000061E2,6.432000160E0,0.000000000E0
6.550119276E2,5.233353871E1,4.867461580E0,-1.063408203E1,1.360000014E0,2.173000031E2,6.432000160E0,0.000000000E0
6.560113710E2,5.233350854E1,4.867423580E0,-1.000584717E1,1.470000029E0,1.983000031E2,6.432000160E0,0.000000000E0
6.570035630E2,5.233347829E1,4.867390430E0,-9.712084961E0,1.529999971E0,1.918000031E2,6.432000160E0,0.000000000E0
6.580029905E2,5.233344854E1,4.867354800E0,-8.636279297E0,1.590000033E0,2.046000061E2,6.432000160E0,0.000000000E0
6.590115804E2,5.233342135E1,4.867315900E0,-8.154101563E0,1.649999976E0,2.168000031E2,7.504000187E0,0.000000000E0
6.600084701E2,5.233339964E1,4.867268960E0,-7.547900391E0,1.750000000E0,2.358000031E2,8.576000214E0,0.000000000E0
6.610098913E2,5.233338702E1,4.867214610E0,-7.825610352E0,1.799999952E0,2.531999969E2,8.576000214E0,0.000000000E0
6.620022004E2,5.233338015E1,4.867155860E0,-6.887683105E0,1.840000033E0,2.671000061E2,9.648000717E0,0.000000000E0
6.630069448E2,5.233337227E1,4.867102610E0,-6.531970215E0,1.830000043E0,2.581000061E2,9.648000717E0,0.000000000E0
6.640142763E2,5.233336569E1,4.867063440E0,-6.394213867E0,2.899999917E-1,3.568999939E2,1.072000027E1,0.000000000E0
6.649979522E2,5.233336122E1,4.867029630E0,-3.638598633E0,3.499999940E-1,2.226000061E2,8.576000214E0,0.000000000E0
6.659967589E2,5.233335827E1,4.866997900E0,-1.856250000E0,0.000000000E0,0.000000000E0,7.504000187E0,0.000000000E0
6.670024371E2,5.233335305E1,4.866970140E0,-1.513171387E0,0.000000000E0,0.000000000E0,7.504000187E0,0.000000000E0
6.680091360E2,5.233334978E1,4.866947550E0,-3.839599609E-1,0.000000000E0,0.000000000E0,7.504000187E0,0.000000000E0
6.690089484E2,5.233334686E1,4.866926380E0,4.697998047E-1,3.700000048E-1,3.511000061E2,7.504000187E0,0.000000000E0
6.700114026E2,5.233334435E1,4.866908860E0,2.049267578E0,0.000000000E0,0.000000000E0,7.504000187E0,0.000000000E0
6.710059021E2,5.233333973E1,4.866893050E0,4.013867187E0,1.500000060E-1,1.453000031E2,7.504000187E0,0.000000000E0
6.720023086E2,5.233333601E1,4.866880050E0,6.146740723E0,2.000000030E-1,4.699999809E0,6.432000160E0,0.000000000E0
6.729987629E2,5.233333134E1,4.866869730E0,6.516552734E0,2.099999934E-1,1.383000031E2,6.432000160E0,0.000000000E0
6.739930129E2,5.233332331E1,4.866858160E0,7.457958984E0,5.600000024E-1,2.053000031E2,5.360000134E0,0.000000000E0
6.749911875E2,5.233331411E1,4.866842840E0,8.121655273E0,3.199999928E-1,2.058999939E2,5.360000134E0,0.000000000E0
6.760074966E2,5.233330820E1,4.866830230E0,8.890820312E0,0.000000000E0,0.000000000E0,5.360000134E0,0.000000000E0
6.770098408E2,5.233330539E1,4.866818380E0,9.360791016E0,0.000000000E0,0.000000000E0,5.360000134E0,0.000000000E0
6.780084892E2,5.233330644E1,4.866802090E0,1.009632568E1,6.600000262E-1,3.002000122E2,5.360000134E0,0.000000000E0
6.790051889E2,5.233330827E1,4.866785740E0,1.055073242E1,3.600000143E-1,3.388999939E2,5.360000134E0,0.000000000E0
6.800058403E2,5.233330787E1,4.866775260E0,1.002729492E1,2.899999917E-1,1.396000061E2,4.288000107E0,0.000000000E0
6.810098709E2,5.233330337E1,4.866768930E0,9.515576172E0,4.699999988E-1,1.836999969E2,5.360000134E0,0.000000000E0
6.820042456E2,5.233329827E1,4.866765180E0,9.334973145E0,0.000000000E0,0.000000000E0,4.288000107E0,0.000000000E0
6.830065347E2,5.233329367E1,4.866757860E0,1.051246338E1,4.699999988E-1,2.131000061E2,4.288000107E0,0.000000000E0
6.840046792E2,5.233328934E1,4.866751490E0,1.073817139E1,0.000000000E0,0.000000000E0,4.288000107E0,0.000000000E0
6.850119628E2,5.233328728E1,4.866746420E0,1.122333984E1,2.300000042E-1,1.180000019E1,5.360000134E0,0.000000000E0
6.860072650E2,5.233328480E1,4.866740940E0,1.152271729E1,0.000000000E0,0.000000000E0,5.360000134E0,0.000000000E0
6.870058405E2,5.233328051E1,4.866735900E0,1.044398193E1,5.299999714E-1,1.863000031E2,5.360000134E0,0.000000000E0
6.880054619E2,5.233327522E1,4.866730580E0,1.095051270E1,3.799999952E-1,1.873000031E2,5.360000134E0,0.000000000E0
6.890057774E2,5.233326960E1,4.866721530E0,1.301209717E1,6.000000238E-1,2.353999939E2,5.360000134E0,0.000000000E0
6.900107664E2,5.233326655E1,4.866711930E0,1.369660645E1,4.300000072E-1,1.583000031E2,5.360000134E0,0.000000000E0
6.910058859E2,5.233326352E1,4.866707280E0,1.347169189E1,2.500000000E-1,1.606000061E2,5.360000134E0,0.000000000E0
6.920035612E2,5.233326333E1,4.866703390E0,1.485822754E1,0.000000000E0,0.000000000E0,6.432000160E0,0.000000000E0
6.930062758E2,5.233326466E1,4.866697620E0,1.663734131E1,2.000000030E-1,2.353000031E2,6.432000160E0,0.000000000E0
6.940097952E2,5.233326854E1,4.866689540E0,1.781489258E1,2.800000012E-1,3.535000000E2,6.432000160E0,0.000000000E0
6.950069923E2,5.233327242E1,4.866682670E0,1.912855225E1,0.000000000E0,0.000000000E0,6.432000160E0,0.000000000E0
6.960034294E2,5.233327620E1,4.866676960E0,2.055610352E1,0.000000000E0,0.000000000E0,6.432000160E0,0.000000000E0
6.970019653E2,5.233327932E1,4.866672190E0,2.116431885E1,2.000000030E-1,3.073999939E2,6.432000160E0,0.000000000E0
6.980139413E2,5.233328451E1,4.866663630E0,2.117640381E1,7.099999785E-1,3.206000061E2,7.504000187E0,0.000000000E0
6.990092142E2,5.233329154E1,4.866653960E0,2.171540527E1,7.799999714E-1,3.406000061E2,7.504000187E0,0.000000000E0
7.000116997E2,5.233329258E1,4.866650920E0,2.168165283E1,1.700000018E-1,7.950000000E1,7.504000187E0,0.000000000E0
7.010068248E2,5.233329088E1,4.866650780E0,2.190314941E1,4.399999976E-1,1.723999939E2,8.576000214E0,0.000000000E0
7.020050219E2,5.233328952E1,4.866651230E0,2.201655273E1,2.399999946E-1,1.291000061E2,8.576000214E0,0.000000000E0
7.030118635E2,5.233328656E1,4.866652340E0,2.253742676E1,2.800000012E-1,4.679999924E1,7.504000187E0,0.000000000E0
7.040126016E2,5.233328454E1,4.866652350E0,2.274293213E1,0.000000000E0,0.000000000E0,8.576000214E0,0.000000000E0
7.050078620E2,5.233328246E1,4.866650830E0,2.236024170E1,0.000000000E0,0.000000000E0,7.504000187E0,0.000000000E0
7.060128147E2,5.233327970E1,4.866646000E0,2.135792236E1,2.399999946E-1,6.000000000E0,7.504000187E0,0.000000000E0
7.070063998E2,5.233327793E1,4.866641570E0,2.160584717E1,1.700000018E-1,1.799999952E0,7.504000187E0,0.000000000E0
7.080079992E2,5.233328575E1,4.866634470E0,2.299866943E1,1.539999962E0,3.493999939E2,6.432000160E0,0.000000000E0
7.090040169E2,5.233329869E1,4.866624430E0,2.274982910E1,1.519999981E0,3.456000061E2,6.432000160E0,0.000000000E0
7.100061713E2,5.233331075E1,4.866615220E0,2.279542236E1,1.500000000E0,3.451000061E2,6.432000160E0,0.000000000E0
7.110042298E2,5.233331955E1,4.866607860E0,2.288398437E1,7.500000000E-1,3.481000061E2,5.360000134E0,0.000000000E0
7.120116231E2,5.233332671E1,4.866603260E0,2.395032959E1,7.400000095E-1,3.530000000E2,5.360000134E0,0.000000000E0
7.130053030E2,5.233333183E1,4.866599400E0,2.378022461E1,4.900000095E-1,3.563999939E2,5.360000134E0,0.000000000E0
7.140070445E2,5.233333401E1,4.866597290E0,2.487141113E1,0.000000000E0,0.000000000E0,5.360000134E0,0.000000000E0
7.150045171E2,5.233333405E1,4.866596190E0,2.456660156E1,3.100000024E-1,3.517999878E2,5.360000134E0,0.000000000E0
7.160067848E2,5.233333515E1,4.866597020E0,2.433729248E1,4.499999881E-1,3.000000000E0,5.360000134E0,0.000000000E0
7.170060096E2,5.233333458E1,4.866599330E0,2.399818115E1,0.000000000E0,0.000000000E0,5.360000134E0,0.000000000E0
7.180076878E2,5.233333133E1,4.866599120E0,2.261561279E1,0.000000000E0,0.000000000E0,5.360000134E0,0.000000000E0
7.190096177E2,5.233332878E1,4.866599670E0,2.225971680E1,0.000000000E0,0.000000000E0,5.360000134E0,0.000000000E0
7.200117568E2,5.233332545E1,4.866605190E0,2.110212402E1,3.899999857E-1,6.059999847E1,6.432000160E0,0.000000000E0
7.210093117E2,5.233332031E1,4.866610240E0,2.041389160E1,1.899999976E-1,7.900000000E1,5.360000134E0,0.000000000E0
7.220015808E2,5.233331206E1,4.866610920E0,2.088642578E1,0.000000000E0,0.000000000E0,5.360000134E0,0.000000000E0
7.229922046E2,5.233331149E1,4.866611280E0,2.089497070E1,2.500000000E-1,4.770000076E1,4.288000107E0,0.000000000E0
7.239933706E2,5.233331260E1,4.866613060E0,2.142176514E1,0.000000000E0,0.000000000E0,4.288000107E0,0.000000000E0
7.250014708E2,5.233331125E1,4.866613560E0,2.164313965E1,2.899999917E-1,1.743000031E2,4.288000107E0,0.000000000E0
7.260047227E2,5.233330892E1,4.866612160E0,2.166285400E1,0.000000000E0,0.000000000E0,4.288000107E0,0.000000000E0
7.269947540E2,5.233331180E1,4.866610870E0,2.195643311E1,0.000000000E0,0.000000000E0,4.288000107E0,0.000000000E0
7.279936411E2,5.233331480E1,4.866610320E0,2.226838379E1,0.000000000E0,0.000000000E0,3.216000080E0,0.000000000E0
7.290063381E2,5.233331743E1,4.866608710E0,2.221308594E1,0.000000000E0,0.000000000E0,3.216000080E0,0.000000000E0
7.300063248E2,5.233331967E1,4.866609660E0,2.215760498E1,2.399999946E-1,9.959999847E1,3.216000080E0,0.000000000E0
7.309927394E2,5.233332016E1,4.866610850E0,2.248359375E1,1.800000072E-1,2.031999969E2,3.216000080E0,0.000000000E0
7.319931101E2,5.233332438E1,4.866610340E0,2.254530029E1,0.000000000E0,0.000000000E0,3.216000080E0,0.000000000E0
7.330013207E2,5.233332787E1,4.866609710E0,2.267329102E1,0.000000000E0,0.000000000E0,3.216000080E0,0.000000000E0
7.339988260E2,5.233333116E1,4.866607950E0,2.256409912E1,0.000000000E0,0.000000000E0,3.216000080E0,0.000000000E0
7.350055429E2,5.233333169E1,4.866605940E0,2.229029541E1,0.000000000E0,0.000000000E0,3.216000080E0,0.000000000E0
7.360044275E2,5.233333138E1,4.866605750E0,2.221479492E1,0.000000000E0,0.000000000E0,3.216000080E0,0.000000000E0
7.370091272E2,5.233332881E1,4.866604650E0,2.208912354E1,0.000000000E0,0.000000000E0,3.216000080E0,0.000000000E0
7.380073437E2,5.233332917E1,4.866605330E0,2.201160889E1,0.000000000E0,0.000000000E0,4.288000107E0,0.000000000E0
7.390020297E2,5.233332843E1,4.866607670E0,2.163453369E1,0.000000000E0,0.000000000E0,3.216000080E0,0.000000000E0
7.399904239E2,5.233332967E1,4.866607790E0,2.157355957E1,0.000000000E0,0.000000000E0,3.216000080E0,0.000000000E0
7.410074260E2,5.233333152E1,4.866607300E0,2.172443848E1,0.000000000E0,0.000000000E0,4.288000107E0,0.000000000E0
7.420037335E2,5.233333371E1,4.866607030E0,2.189020996E1,0.000000000E0,0.000000000E0,4.288000107E0,0.000000000E0
7.430058698E2,5.233333405E1,4.866605960E0,2.197529297E1,0.000000000E0,0.000000000E0,4.288000107E0,0.000000000E0
7.440050847E2,5.233333438E1,4.866604720E0,2.205708008E1,0.000000000E0,0.000000000E0,4.288000107E0,0.000000000E0
7.450047664E2,5.233333490E1,4.866603910E0,2.204938965E1,0.000000000E0,0.000000000E0,3.216000080E0,0.000000000E0
7.460039795E2,5.233333315E1,4.866603860E0,2.221162109E1,0.000000000E0,0.000000000E0,4.288000107E0,0.000000000E0
7.469976447E2,5.233333163E1,4.866604920E0,2.228553467E1,0.000000000E0,0.000000000E0,3.216000080E0,0.000000000E0
7.479943699E2,5.233333106E1,4.866604360E0,2.235877686E1,0.000000000E0,0.000000000E0,3.216000080E0,0.000000000E0
7.490088194E2,5.233333037E1,4.866603500E0,2.247102051E1,0.000000000E0,0.000000000E0,3.216000080E0,0.000000000E0
7.500089315E2,5.233332922E1,4.866603550E0,2.239899902E1,0.000000000E0,0.000000000E0,3.216000080E0,0.000000000E0
7.510083787E2,5.233332793E1,4.866603600E0,2.237012939E1,0.000000000E0,0.000000000E0,3.216000080E0,0.000000000E0
7.520018141E2,5.233332737E1,4.866603400E0,2.234168701E1,0.000000000E0,0.000000000E0,3.216000080E0,0.000000000E0
7.530053448E2,5.233332690E1,4.866602720E0,2.229121094E1,0.000000000E0,0.000000000E0,4.288000107E0,0.000000000E0
7.540052728E2,5.233332659E1,4.866602320E0,2.229584961E1,0.000000000E0,0.000000000E0,4.288000107E0,0.000000000E0
7.550087489E2,5.233332642E1,4.866602090E0,2.229914551E1,0.000000000E0,0.000000000E0,4.288000107E0,0.000000000E0
7.560074991E2,5.233332631E1,4.866601960E0,2.229987793E1,0.000000000E0,0.000000000E0,4.288000107E0,0.000000000E0
7.570047640E2,5.233332625E1,4.866601900E0,2.229932861E1,0.000000000E0,0.000000000E0,4.288000107E0,0.000000000E0
7.580058783E2,5.233332621E1,4.866601860E0,2.230048828E1,0.000000000E0,0.000000000E0,4.288000107E0,0.000000000E0
7.590035586E2,5.233332293E1,4.866600610E0,2.160834961E1,0.000000000E0,0.000000000E0,4.288000107E0,0.000000000E0
7.600118002E2,5.233331911E1,4.866598970E0,2.162757568E1,0.000000000E0,0.000000000E0,4.288000107E0,0.000000000E0
7.610066956E2,5.233331652E1,4.866597840E0,2.183216553E1,0.000000000E0,0.000000000E0,4.288000107E0,0.000000000E0
7.620121890E2,5.233331419E1,4.866596160E0,2.212952881E1,0.000000000E0,0.000000000E0,4.288000107E0,0.000000000E0
7.630028155E2,5.233331245E1,4.866594250E0,2.231318359E1,0.000000000E0,0.000000000E0,4.288000107E0,0.000000000E0
7.639989158E2,5.233331058E1,4.866592760E0,2.253278809E1,0.000000000E0,0.000000000E0,3.216000080E0,0.000000000E0
7.650036420E2,5.233330866E1,4.866591260E0,2.275910645E1,0.000000000E0,0.000000000E0,3.216000080E0,0.000000000E0
7.660066444E2,5.233330688E1,4.866590100E0,2.293476562E1,0.000000000E0,0.000000000E0,3.216000080E0,0.000000000E0
7.670051037E2,5.233330588E1,4.866590420E0,2.280524902E1,0.000000000E0,0.000000000E0,3.216000080E0,0.000000000E0
7.680050519E2,5.233330397E1,4.866591130E0,2.253669434E1,0.000000000E0,0.000000000E0,3.216000080E0,0.000000000E0
7.690021830E2,5.233330165E1,4.866592450E0,2.275410156E1,0.000000000E0,0.000000000E0,3.216000080E0,0.000000000E0
7.700062195E2,5.233330153E1,4.866593380E0,2.284180908E1,0.000000000E0,0.000000000E0,3.216000080E0,0.000000000E0
7.710087480E2,5.233329870E1,4.866593440E0,2.257117920E1,0.000000000E0,0.000000000E0,3.216000080E0,0.000000000E0
7.720050303E2,5.233329820E1,4.866594170E0,2.287147217E1,0.000000000E0,0.000000000E0,3.216000080E0,0.000000000E0
7.730043980E2,5.233329757E1,4.866594200E0,2.268995361E1,0.000000000E0,0.000000000E0,4.288000107E0,0.000000000E0
7.740061722E2,5.233329626E1,4.866594550E0,2.240351562E1,0.000000000E0,0.000000000E0,4.288000107E0,0.000000000E0
7.750041639E2,5.233329728E1,4.866595270E0,2.261512451E1,0.000000000E0,0.000000000E0,4.288000107E0,0.000000000E0
7.760059755E2,5.233330150E1,4.866595670E0,2.343787842E1,0.000000000E0,0.000000000E0,4.288000107E0,0.000000000E0
7.770010619E2,5.233330448E1,4.866596820E0,2.349750977E1,0.000000000E0,0.000000000E0,4.288000107E0,0.000000000E0
7.780124571E2,5.233330536E1,4.866598020E0,2.329456787E1,0.000000000E0,0.000000000E0,4.288000107E0,0.000000000E0
7.790052681E2,5.233330607E1,4.866598390E0,2.334492187E1,0.000000000E0,0.000000000E0,4.288000107E0,0.000000000E0
7.800049701E2,5.233330669E1,4.866598860E0,2.324030762E1,0.000000000E0,0.000000000E0,4.288000107E0,0.000000000E0
7.809978462E2,5.233330831E1,4.866599940E0,2.323835449E1,0.000000000E0,0.000000000E0,4.288000107E0,0.000000000E0
7.820046116E2,5.233330781E1,4.866600390E0,2.305927734E1,0.000000000E0,0.000000000E0,4.288000107E0,0.000000000E0
7.830157830E2,5.233330758E1,4.866600600E0,2.306257324E1,0.000000000E0,0.000000000E0,4.288000107E0,0.000000000E0
7.840047457E2,5.233330796E1,4.866601190E0,2.331599121E1,1.800000072E-1,1.533000031E2,4.288000107E0,0.000000000E0
