sensor_type,device_type,timestamps,latitude,height,velocity,direction,hor_accuracy,ver_accuracy
accelerometer,smartphone,1529417820000000000,52.33075375,4.86921809,43.50012207
accelerometer,smartphone,1529417820997592064,52.33075398,4.86923435,-3.19987793
accelerometer,smartphone,1529417821989283328,52.33075421,4.86924975,-3.19987793
accelerometer,smartphone,1529417822991359744,52.3307588,4.86926128,-3.19987793
accelerometer,smartphone,1529417823994073088,52.33076622,4.86925907,-3.19987793
accelerometer,smartphone,1529417824988971008,52.33077231,4.86924782,-10.03233643
accelerometer,smartphone,1529417825986388992,52.33077431,4.8692349,-10.27849121
accelerometer,smartphone,1529417826996630784,52.33077795,4.86922423,-24.55308838
accelerometer,smartphone,1529417827995065856,52.33078001,4.86921274,-24.76671143
accelerometer,smartphone,1529417828989703936,52.33077779,4.86920284,-25.47325439
accelerometer,smartphone,1529417829993019136,52.33077105,4.86920132,-26.18681641
accelerometer,smartphone,1529417830989984256,52.33076438,4.86920929,-26.90037842
accelerometer,smartphone,1529417831992142848,52.3307614,4.86922255,-27.61394043
accelerometer,smartphone,1529417832988385024,52.3307602,4.8692368,-28.32744141
accelerometer,smartphone,1529417833988534016,52.33075887,4.86925039,-29.04100342
accelerometer,smartphone,1529417834992434944,52.33075883,4.86926369,-29.75456543
accelerometer,smartphone,1529417835988327168,52.33076318,4.86927425,-30.46812744
accelerometer,smartphone,1529417836993604096,52.33077079,4.86927334,-31.18168945
accelerometer,smartphone,1529417837992386048,52.3307765,4.86926287,-31.89519043
accelerometer,smartphone,1529417838997693184,52.33077875,4.86925014,-32.60875244
accelerometer,smartphone,1529417839990341120,52.33078032,4.86923821,-37.034198
accelerometer,smartphone,1529417840993067776,52.33077894,4.86922171,-37.84694214
accelerometer,smartphone,1529417841993565184,52.33077211,4.86920345,-38.6597168
accelerometer,smartphone,1529417842991672064,52.33075986,4.86919749,-39.47249146
accelerometer,smartphone,1529417843988889856,52.3307501,4.86921275,-40.2852356
accelerometer,smartphone,1529417844988144128,52.33074658,4.86923744,-41.09801025
accelerometer,smartphone,1529417845990991104,52.33074475,4.86926136,-41.91078491
accelerometer,smartphone,1529417846984128000,52.33074255,4.86928327,-42.72352905
accelerometer,smartphone,1529417847987009024,52.33074321,4.86930541,-43.53630371
accelerometer,smartphone,1529417848992070144,52.33075461,4.86931457,-44.34907837
accelerometer,smartphone,1529417849989048064,52.33076939,4.8693072,-48.81019897
accelerometer,smartphone,1529417851003075072,52.33077609,4.86928649,-49.74553223
accelerometer,smartphone,1529417851991175168,52.33077819,4.86926346,-48.40373535
accelerometer,smartphone,1529417852999750912,52.33078056,4.86924231,-51.07911987
accelerometer,smartphone,1529417853992276736,52.33078163,4.86922148,-53.34108276
accelerometer,smartphone,1529417854995474176,52.33077854,4.86920565,-54.31737061
accelerometer,smartphone,1529417855995079168,52.3307698,4.86920284,-55.29368896
accelerometer,smartphone,1529417856995481856,52.33076252,4.86920958,-56.27000732
accelerometer,smartphone,1529417857994026752,52.33075828,4.86921928,-57.24632568
accelerometer,smartphone,1529417858994393088,52.33075566,4.86922981,-58.22264404
accelerometer,smartphone,1529417859992712960,52.3307546,4.86924061,-59.1989624
accelerometer,smartphone,1529417860989949952,52.33075624,4.86925104,-60.17528076
accelerometer,smartphone,1529417861987762944,52.33076825,4.86921172,-315.5652039
accelerometer,smartphone,1529417862994911744,52.33077691,4.869182,-303.9376709
accelerometer,smartphone,1529417863996598016,52.33077956,4.86915893,-159.6639893
accelerometer,smartphone,1529417864993964800,52.3307829,4.86914316,-162.7941772
accelerometer,smartphone,1529417865990263808,52.33078453,4.86913285,-158.1853516
accelerometer,smartphone,1529417866999181824,52.33078079,4.86912415,-158.4333374
accelerometer,smartphone,1529417867988089088,52.33077336,4.86912764,-159.1293518
accelerometer,smartphone,1529417868994339840,52.33076908,4.86913541,-162.6721375
accelerometer,smartphone,1529417869993426944,52.33076298,4.86914759,-164.6875183
accelerometer,smartphone,1529417870991448064,52.33075717,4.86916379,-166.7028992
accelerometer,smartphone,1529417871987699968,52.33075362,4.86917643,-168.7183105
accelerometer,smartphone,1529417872989285888,52.33076124,4.86919118,-170.7336914
accelerometer,smartphone,1529417873987921920,52.33077022,4.86919822,-171.3933594
accelerometer,smartphone,1529417874987380224,52.33077924,4.86919132,-173.4028503
accelerometer,smartphone,1529417875991083008,52.3307822,4.86917942,-175.3865234
accelerometer,smartphone,1529417876988157952,52.33079461,4.86917357,-172.3456909
accelerometer,smartphone,1529417877991880960,52.33079563,4.86915248,-175.3178894
accelerometer,smartphone,1529417878996115968,52.33079618,4.86912603,-174.4107544
accelerometer,smartphone,1529417879988198912,52.33078761,4.86911327,-176.0682251
accelerometer,smartphone,1529417880989933056,52.33077968,4.86911774,-177.7239258
accelerometer,smartphone,1529417881993143040,52.33077588,4.86912113,-179.3795654
accelerometer,smartphone,1529417882993082880,52.33077251,4.86913146,-181.0352356
accelerometer,smartphone,1529417883991266816,52.33076883,4.86914143,-182.6909058
accelerometer,smartphone,1529417884999656960,52.33076395,4.86915116,-184.3465759
accelerometer,smartphone,1529417885983635968,52.33076928,4.86916093,-186.0022461
accelerometer,smartphone,1529417886990609920,52.33077549,4.86916314,-187.6578857
accelerometer,smartphone,1529417887996779008,52.3307832,4.86916121,-189.3135864
accelerometer,smartphone,1529417888989483264,52.33079111,4.86916367,-190.9692261
accelerometer,smartphone,1529417889997988096,52.3307974,4.86916732,-192.6248962
accelerometer,smartphone,1529417890996143104,52.33080424,4.86917206,-194.2805664
accelerometer,smartphone,1529417892002523904,52.33081216,4.86917595,-195.9362061
accelerometer,smartphone,1529417892990968064,52.3308198,4.86917042,-197.5919067
accelerometer,smartphone,1529417894003027712,52.3308215,4.86915807,-199.2475464
accelerometer,smartphone,1529417894995328768,52.33081751,4.86914675,-200.9032166
accelerometer,smartphone,1529417895989644032,52.33081629,4.86913491,-202.5588867
accelerometer,smartphone,1529417896999310080,52.33081789,4.86912227,-204.2145569
accelerometer,smartphone,1529417897996844032,52.33081981,4.86910897,-205.8702271
accelerometer,smartphone,1529417898998310912,52.3308196,4.86909462,-207.5258667
accelerometer,smartphone,1529417899991008000,52.33081666,4.86908076,-209.1815674
accelerometer,smartphone,1529417900993412096,52.33081023,4.86907615,-230.4081299
accelerometer,smartphone,1529417901993691904,52.33080137,4.86907397,-249.3662903
accelerometer,smartphone,1529417902993006848,52.33079241,4.8690703,-332.5889465
accelerometer,smartphone,1529417903990853888,52.33078241,4.86906585,-430.5987427
accelerometer,smartphone,1529417904992607232,52.33077442,4.86906305,-329.1918823
accelerometer,smartphone,1529417905991342080,52.33076643,4.86906,-375.5959961
accelerometer,smartphone,1529417906988213248,52.33075747,4.86905308,-382.0454895
accelerometer,smartphone,1529417907988886272,52.33075288,4.86904642,-363.3236877
accelerometer,smartphone,1529417908994658816,52.33075211,4.86904211,-363.3356812
accelerometer,smartphone,1529417909996601088,52.33075149,4.86903867,-363.3438599
accelerometer,smartphone,1529417910991761920,52.330751,4.86903591,-363.349353
accelerometer,smartphone,1529417911992718080,52.3307506,4.86903371,-363.3529541
accelerometer,smartphone,1529417912999008000,52.33075029,4.86903194,-363.357196
accelerometer,smartphone,1529417913994988032,52.33075004,4.86903053,-363.35979
accelerometer,smartphone,1529417914991533824,52.33074983,4.8690294,-363.363147
accelerometer,smartphone,1529417915993789696,52.33074967,4.8690285,-363.3612549
accelerometer,smartphone,1529417916996343040,52.33074955,4.86902778,-363.3613464
accelerometer,smartphone,1529417917994625024,52.33074944,4.8690272,-363.3593323
accelerometer,smartphone,1529417918993521920,52.33074936,4.86902674,-363.35979
accelerometer,smartphone,1529417919991884032,52.33074929,4.86902637,-363.3596375
accelerometer,smartphone,1529417921004751872,52.33074924,4.86902607,-363.3595459
accelerometer,smartphone,1529417921990184192,52.3307492,4.86902583,-363.3597595
accelerometer,smartphone,1529417922992571136,52.33074917,4.86902564,-363.3596985
accelerometer,smartphone,1529417923988027136,52.33074914,4.86902549,-363.3596985
accelerometer,smartphone,1529417925006212864,52.33074912,4.86902537,-363.3596069
accelerometer,smartphone,1529417925991832064,52.3307491,4.86902527,-363.3596985
accelerometer,smartphone,1529417926991952896,52.33074909,4.8690252,-363.3596985
accelerometer,smartphone,1529417927997889280,52.33074908,4.86902513,-363.3596985
accelerometer,smartphone,1529417928993015040,52.33074907,4.86902508,-363.3597595
accelerometer,smartphone,1529417929987811072,52.33074906,4.86902504,-363.3597595
accelerometer,smartphone,1529417930992245760,52.33074905,4.86902501,-363.3597595
accelerometer,smartphone,1529417931989012992,52.3307491,4.86902499,-363.8195374
accelerometer,smartphone,1529417932992283136,52.33074915,4.86902501,-364.4571411
accelerometer,smartphone,1529417934005228032,52.3307492,4.86902502,-364.4569275
accelerometer,smartphone,1529417934987511040,52.33074924,4.86902503,-364.456897
accelerometer,smartphone,1529417935996526848,52.33074927,4.86902504,-364.4569275
accelerometer,smartphone,1529417936988018176,52.33074929,4.86902505,-364.4568665
accelerometer,smartphone,1529417937997445120,52.33074931,4.86902506,-364.4568665
accelerometer,smartphone,1529417938992360960,52.33074933,4.86902506,-364.4568665
accelerometer,smartphone,1529417939984813056,52.33074934,4.86902507,-364.4568359
accelerometer,smartphone,1529417940987931904,52.33074916,4.86902501,-362.9359314
accelerometer,smartphone,1529417941989820928,52.33074611,4.86902412,-340.1095154
accelerometer,smartphone,1529417942992888832,52.33074367,4.8690234,-340.1074097
accelerometer,smartphone,1529417943988845824,52.3307509,4.86901829,-387.6339905
accelerometer,smartphone,1529417944995071744,52.33075477,4.86901622,-387.3756897
accelerometer,smartphone,1529417945995928064,52.33075989,4.86900998,-387.0673706
accelerometer,smartphone,1529417946991492864,52.33076399,4.86900499,-387.068103
accelerometer,smartphone,1529417947993899264,52.33076841,4.86896874,-388.5806763
accelerometer,smartphone,1529417948994074880,52.33077278,4.86894054,-387.4581482
accelerometer,smartphone,1529417949993762048,52.33077628,4.86891797,-387.4591553
accelerometer,smartphone,1529417950988105984,52.33077907,4.86889992,-387.4618713
accelerometer,smartphone,1529417951985564928,52.33212346,4.86878026,-4.404650879
accelerometer,smartphone,1529417952987523072,52.3321235,4.86878028,-4.333605957
accelerometer,smartphone,1529417953989947904,52.33212629,4.86878452,-4.381762695
accelerometer,smartphone,1529417954991159040,52.33212769,4.86878665,-4.344592285
accelerometer,smartphone,1529417955989787136,52.33212853,4.86878792,-4.330004883
accelerometer,smartphone,1529417957012550144,52.33212921,4.86878894,-4.343127441
accelerometer,smartphone,1529417958000969984,52.33212975,4.86878976,-4.343920898
accelerometer,smartphone,1529417958989069056,52.33213019,4.86879041,-4.333544922
accelerometer,smartphone,1529417959999728896,52.33213053,4.86879094,-4.332629395
accelerometer,smartphone,1529417960999712768,52.33213081,4.86879135,-4.332324219
accelerometer,smartphone,1529417961989725184,52.33213104,4.86879169,-4.326037598
accelerometer,smartphone,1529417962995625984,52.33213121,4.86879196,-4.327807617
accelerometer,smartphone,1529417963993926144,52.33213136,4.86879217,-4.329089355
accelerometer,smartphone,1529417964990870784,52.33213147,4.86879234,-4.327746582
accelerometer,smartphone,1529417965998734848,52.33213558,4.86877566,-4.325732422
accelerometer,smartphone,1529417967005878016,52.33213619,4.8687547,-4.322558594
accelerometer,smartphone,1529417967988926976,52.33212833,4.86874481,-4.319384766
accelerometer,smartphone,1529417968997478912,52.33211703,4.86874724,-4.316149902
accelerometer,smartphone,1529417969989624064,52.33210866,4.86876156,-4.312976074
accelerometer,smartphone,1529417970993422080,52.33210334,4.86877927,-4.309741211
accelerometer,smartphone,1529417972002806784,52.3320983,4.86879587,-4.306567383
accelerometer,smartphone,1529417972990397952,52.33209388,4.86881202,-4.303393555
accelerometer,smartphone,1529417973986480896,52.33209118,4.86882874,-4.300158691
accelerometer,smartphone,1529417974989639936,52.33208897,4.86884542,-4.296984863
accelerometer,smartphone,1529417976009931264,52.3320915,4.86886138,-4.29375
accelerometer,smartphone,1529417976993484800,52.33210102,4.86886876,-4.290576172
accelerometer,smartphone,1529417977995590912,52.33210749,4.86885708,-4.310534668
accelerometer,smartphone,1529417978987971840,52.33210836,4.86885018,-4.289172363
accelerometer,smartphone,1529417979988972032,52.33210862,4.86884691,-4.289172363
accelerometer,smartphone,1529417980991707136,52.33210878,4.86884496,-4.289172363
accelerometer,smartphone,1529417981986066176,52.33210884,4.86884396,-4.289172363
accelerometer,smartphone,1529417982989016064,52.33210807,4.86884601,-4.289172363
accelerometer,smartphone,1529417983989393920,52.33210768,4.86884703,-4.289172363
accelerometer,smartphone,1529417984991938304,52.33210748,4.86884754,-4.289172363
accelerometer,smartphone,1529417985988571904,52.33210739,4.8688478,-4.289172363
accelerometer,smartphone,1529417986988223232,52.33210734,4.86884792,-4.289172363
accelerometer,smartphone,1529417987987401728,52.33210731,4.86884799,-4.289172363
accelerometer,smartphone,1529417988991693056,52.3321073,4.86884802,-4.289172363
accelerometer,smartphone,1529417989987319808,52.3321073,4.86884804,-4.289172363
accelerometer,smartphone,1529417990989095936,52.33210729,4.86884804,-4.289172363
accelerometer,smartphone,1529417991991301120,52.33210729,4.86884805,-4.289172363
accelerometer,smartphone,1529417992995690240,52.33210729,4.86884805,-4.289172363
accelerometer,smartphone,1529417993997457152,52.33210729,4.86884805,-4.289172363
accelerometer,smartphone,1529417994989843968,52.33210729,4.86884805,-4.289172363
accelerometer,smartphone,1529417995988039936,52.33210729,4.86884805,-4.289172363
accelerometer,smartphone,1529417996992060160,52.33210729,4.86884805,-4.289172363
accelerometer,smartphone,1529417997996270080,52.33210729,4.86884805,-4.289172363
accelerometer,smartphone,1529417998987291904,52.33210729,4.86884805,-4.289172363
accelerometer,smartphone,1529417999994289920,52.33210729,4.86884805,-4.289172363
accelerometer,smartphone,1529418000991586816,52.33210729,4.86884805,-4.289172363
accelerometer,smartphone,1529418001994168832,52.33210729,4.86884805,-4.289172363
accelerometer,smartphone,1529418002994469120,52.33210729,4.86884805,-4.289172363
accelerometer,smartphone,1529418003993372928,52.33210729,4.86884805,-4.289172363
accelerometer,smartphone,1529418004995778048,52.33210729,4.86884805,-4.289172363
accelerometer,smartphone,1529418006001255168,52.33210729,4.86884805,-4.289172363
accelerometer,smartphone,1529418006985316864,52.33210729,4.86884805,-4.289172363
accelerometer,smartphone,1529418007994569216,52.33210729,4.86884805,-4.289172363
accelerometer,smartphone,1529418008987561984,52.33210729,4.86884805,-4.289172363
accelerometer,smartphone,1529418009996983808,52.33210729,4.86884805,-4.289172363
accelerometer,smartphone,1529418010995379968,52.33210729,4.86884805,-4.289172363
accelerometer,smartphone,1529418011985815040,52.33210729,4.86884805,-4.289172363
accelerometer,smartphone,1529418012993220864,52.33210729,4.86884805,-4.289172363
accelerometer,smartphone,1529418013998348800,52.33210729,4.86884805,-4.289172363
accelerometer,smartphone,1529418059995367936,52.33249195,4.86908905,0.514050293
accelerometer,smartphone,1529418060989300992,52.33249134,4.86906918,0.5239990234
accelerometer,smartphone,1529418061986809088,52.33249039,4.86904988,0.5337036133
accelerometer,smartphone,1529418062988630016,52.3324887,4.86903109,0.5431030273
accelerometer,smartphone,1529418063991892992,52.33248618,4.86901282,0.5521972656
accelerometer,smartphone,1529418064988182016,52.33248176,4.86899678,0.5609863281
accelerometer,smartphone,1529418065987771904,52.3324732,4.86898625,0.5695922852
accelerometer,smartphone,1529418066988793088,52.33246277,4.86897963,0.5778930664
accelerometer,smartphone,1529418067993235968,52.33245169,4.86897705,0.5860107422
accelerometer,smartphone,1529418068992334848,52.33244043,4.86897912,0.5938842773
accelerometer,smartphone,1529418069993558784,52.3324293,4.86897982,0.6015136719
accelerometer,smartphone,1529418070993376000,52.33241849,4.86897631,0.6088989258
accelerometer,smartphone,1529418071988958976,52.33240776,4.86897273,0.6161010742
accelerometer,smartphone,1529418072990208000,52.33239637,4.86896965,0.6231811523
accelerometer,smartphone,1529418073993687040,52.33238445,4.86896596,0.6299560547
accelerometer,smartphone,1529418074989964800,52.3323734,4.86896036,0.6366088867
accelerometer,smartphone,1529418075994172160,52.33236298,4.86895346,0.6430786133
accelerometer,smartphone,1529418076993404928,52.33235364,4.8689438,0.6493652344
accelerometer,smartphone,1529418077988506112,52.33234545,4.86893172,0.65546875
accelerometer,smartphone,1529418079006535936,52.33233822,4.86891804,0.6614501953
accelerometer,smartphone,1529418079991862016,52.33233243,4.86890264,0.6673095703
accelerometer,smartphone,1529418080986240000,52.33232915,4.86888533,0.6729858398
accelerometer,smartphone,1529418081990859776,52.33232876,4.86886701,0.6784790039
accelerometer,smartphone,1529418082991274240,52.33233042,4.86884873,0.6839111328
accelerometer,smartphone,1529418083987652096,52.33233317,4.86883082,0.6891601562
accelerometer,smartphone,1529418084987482880,52.33233913,4.8688149,0.6942871094
accelerometer,smartphone,1529418086002629120,52.33234592,4.86879957,0.6992919922
accelerometer,smartphone,1529418086986928896,52.33235213,4.86878398,0.7041748047
accelerometer,smartphone,1529418087991902208,52.33235771,4.86876801,0.7089355469
accelerometer,smartphone,1529418089004011008,52.33236284,4.86875228,0.7136352539
accelerometer,smartphone,1529418089987993856,52.33238092,4.86873792,7.831188965
accelerometer,smartphone,1529418090989152768,52.33239653,4.86872141,9.517346191
accelerometer,smartphone,1529418091991290112,52.33240985,4.86870283,11.53492432
accelerometer,smartphone,1529418092999787008,52.33242122,4.86868244,11.88569336
accelerometer,smartphone,1529418093995233280,52.3324302,4.86865502,11.846875
accelerometer,smartphone,1529418094989367040,52.33243977,4.86861928,11.8647583
accelerometer,smartphone,1529418095992263168,52.33330211,4.86678189,-182.679187
accelerometer,smartphone,1529418096988377856,52.33350528,4.86618217,-165.0164368
accelerometer,smartphone,1529418097987869952,52.3337706,4.86591789,-108.6944458
accelerometer,smartphone,1529418098988931840,52.33375442,4.86580821,-75.29783936
accelerometer,smartphone,1529418099987453952,52.33377493,4.86577398,-69.80223389
accelerometer,smartphone,1529418100988455936,52.3341713,4.86593552,8.394482422
accelerometer,smartphone,1529418101990859008,52.33417536,4.86591377,13.45130615
accelerometer,smartphone,1529418103001347072,52.33417495,4.86588603,17.56690674
accelerometer,smartphone,1529418104004410880,52.33417936,4.86587863,15.00593262
accelerometer,smartphone,1529418105000169984,52.33417779,4.86586131,21.19355469
accelerometer,smartphone,1529418105994569216,52.33417938,4.86584818,19.85322266
accelerometer,smartphone,1529418106994447872,52.33418829,4.865842,16.63111572
accelerometer,smartphone,1529418107998913024,52.33419807,4.86584117,13.54578857
accelerometer,smartphone,1529418109003675904,52.33420591,4.86584192,9.237988281
accelerometer,smartphone,1529418110006886912,52.33421039,4.86584281,7.141064453
accelerometer,smartphone,1529418111002469888,52.33421092,4.86584263,6.427624512
accelerometer,smartphone,1529418112009673216,52.33420558,4.86583924,7.408459473
accelerometer,smartphone,1529418113010808064,52.3341958,4.86583471,8.94630127
accelerometer,smartphone,1529418113997906944,52.33418356,4.86583294,10.11329346
accelerometer,smartphone,1529418115015617024,52.33417096,4.86583116,10.44794922
accelerometer,smartphone,1529418116007529984,52.33415977,4.86582845,9.240734863
accelerometer,smartphone,1529418117005134080,52.33414863,4.86582505,8.273327637
accelerometer,smartphone,1529418118000181760,52.33413569,4.86582475,8.339245605
accelerometer,smartphone,1529418119010242048,52.33412161,4.86582718,8.398876953
accelerometer,smartphone,1529418120010840832,52.33410461,4.86583083,9.519238281
accelerometer,smartphone,1529418121012842752,52.33408742,4.86583426,10.67121582
accelerometer,smartphone,1529418122008382208,52.33407225,4.86583491,10.7987793
accelerometer,smartphone,1529418123009128192,52.33405814,4.8658348,11.12891846
accelerometer,smartphone,1529418123996782848,52.33404452,4.86583373,11.51618652
accelerometer,smartphone,1529418124997948928,52.33403113,4.86583437,11.57435303
accelerometer,smartphone,1529418125995253248,52.33401624,4.86583732,10.88575439
accelerometer,smartphone,1529418127005513984,52.33400198,4.86584077,10.70661621
accelerometer,smartphone,1529418128010565888,52.33398638,4.86584332,10.35102539
accelerometer,smartphone,1529418129008151040,52.33397233,4.86584301,10.01228027
accelerometer,smartphone,1529418130013681920,52.33395912,4.86584198,10.28638916
accelerometer,smartphone,1529418131009819136,52.33394614,4.86584185,10.26783447
accelerometer,smartphone,1529418132009403136,52.33393154,4.86584264,10.36365967
accelerometer,smartphone,1529418133012339200,52.33391896,4.86584432,9.347973633
accelerometer,smartphone,1529418134003236096,52.33390552,4.86584534,10.29627686
accelerometer,smartphone,1529418135005857792,52.33389245,4.86584719,10.05146484
accelerometer,smartphone,1529418136008038144,52.33388063,4.86584904,9.287304687
accelerometer,smartphone,1529418136999443200,52.3338693,4.86585058,9.115673828
accelerometer,smartphone,1529418137996376832,52.33385774,4.86585226,8.909375
accelerometer,smartphone,1529418139003727104,52.33384554,4.86585627,8.686352539
accelerometer,smartphone,1529418140016940288,52.33383084,4.86585972,8.229260254
accelerometer,smartphone,1529418141007219968,52.33382061,4.86586051,9.081005859
accelerometer,smartphone,1529418142011223040,52.33380891,4.86586101,8.974316406
accelerometer,smartphone,1529418143012532992,52.33379378,4.86586082,9.412854004
accelerometer,smartphone,1529418144006051072,52.33378123,4.86586104,9.456555176
accelerometer,smartphone,1529418145016467968,52.33376922,4.8658611,10.3178833
accelerometer,smartphone,1529418146012352000,52.33375676,4.86586059,10.02216797
accelerometer,smartphone,1529418147007228928,52.3337448,4.86586173,9.816967773
accelerometer,smartphone,1529418148011287808,52.33373255,4.86586134,11.17872314
accelerometer,smartphone,1529418149012651776,52.33372071,4.86585763,12.57722168
accelerometer,smartphone,1529418150014913024,52.33370949,4.86585274,12.06452637
accelerometer,smartphone,1529418151013047808,52.33369711,4.86585085,11.87263184
accelerometer,smartphone,1529418152005905920,52.33368561,4.86585229,12.29536133
accelerometer,smartphone,1529418153003334912,52.33367459,4.86585666,12.89613037
accelerometer,smartphone,1529418154008324096,52.33366647,4.86586315,12.1805542
accelerometer,smartphone,1529418155007255040,52.33365649,4.86586903,12.49567871
accelerometer,smartphone,1529418156005921024,52.33364465,4.8658763,10.43574219
accelerometer,smartphone,1529418157012303872,52.33363088,4.86587938,11.62855225
accelerometer,smartphone,1529418158009476864,52.33361623,4.86588216,12.61665039
accelerometer,smartphone,1529418159013947904,52.33360572,4.86588472,13.10548096
accelerometer,smartphone,1529418160015296000,52.33359793,4.86588759,13.6213501
accelerometer,smartphone,1529418161015027968,52.33358899,4.86589745,14.74781494
accelerometer,smartphone,1529418162008338944,52.33357848,4.86591309,15.16853027
accelerometer,smartphone,1529418163008089088,52.33356672,4.8659281,14.59760742
accelerometer,smartphone,1529418164004803840,52.33355314,4.86594079,15.49561768
accelerometer,smartphone,1529418165013839872,52.33353891,4.86594945,15.93153076
accelerometer,smartphone,1529418166007808768,52.33352479,4.86595712,17.12543945
accelerometer,smartphone,1529418167013401088,52.33351328,4.86596767,16.95429687
accelerometer,smartphone,1529418168002091776,52.33350522,4.86597821,16.88276367
accelerometer,smartphone,1529418169006858240,52.33349701,4.86598501,17.27149658
accelerometer,smartphone,1529418170007116032,52.33348869,4.8659877,16.51533203
accelerometer,smartphone,1529418171005997824,52.33347998,4.86598541,16.19587402
accelerometer,smartphone,1529418172013060096,52.33347199,4.86598003,15.79249268
accelerometer,smartphone,1529418173010590976,52.33346408,4.86597082,14.41297607
accelerometer,smartphone,1529418174009943040,52.33345567,4.86596121,13.56080322
accelerometer,smartphone,1529418175013711872,52.33344666,4.86595404,12.83131104
accelerometer,smartphone,1529418176007228928,52.33343617,4.86595029,12.3098877
accelerometer,smartphone,1529418177005712896,52.33342672,4.86595003,12.78168945
accelerometer,smartphone,1529418178003182848,52.3334159,4.86595095,12.61396484
accelerometer,smartphone,1529418179004977920,52.33340264,4.86595262,12.40864258
accelerometer,smartphone,1529418180001715712,52.33338902,4.86595272,12.03657227
accelerometer,smartphone,1529418181004381952,52.33337149,4.8659486,11.22779541
accelerometer,smartphone,1529418182002632960,52.33335198,4.86594511,11.5130127
accelerometer,smartphone,1529418183007309824,52.33333561,4.86593961,12.39362793
accelerometer,smartphone,1529418184011616000,52.33331775,4.8659424,11.94007568
accelerometer,smartphone,1529418185009829120,52.33330412,4.86594288,13.55634766
accelerometer,smartphone,1529418186004537088,52.33329227,4.86594146,2.08527832
accelerometer,smartphone,1529418186996461056,52.33328061,4.86593893,3.580456543
accelerometer,smartphone,1529418187995490048,52.33326941,4.86592965,4.705456543
accelerometer,smartphone,1529418189002070016,52.33325926,4.86591758,5.805493164
accelerometer,smartphone,1529418189999563008,52.33324713,4.86591165,7.387036133
accelerometer,smartphone,1529418191012350208,52.33323354,4.86590666,7.889111328
accelerometer,smartphone,1529418192003979008,52.33321829,4.86590714,10.11408691
accelerometer,smartphone,1529418193001820160,52.33320274,4.86591422,11.24281006
accelerometer,smartphone,1529418193997843968,52.33318934,4.86592865,11.34040527
accelerometer,smartphone,1529418195002023936,52.33318047,4.86595087,12.6560791
accelerometer,smartphone,1529418196000925952,52.33317085,4.8659765,13.20209961
accelerometer,smartphone,1529418196998799104,52.33316224,4.86600089,13.69215088
accelerometer,smartphone,1529418197994600960,52.33315573,4.86602396,15.45856934
accelerometer,smartphone,1529418198997355008,52.33314942,4.86604598,16.57893066
accelerometer,smartphone,1529418200002137088,52.33314434,4.86606895,17.87977295
accelerometer,smartphone,1529418201004466176,52.33314069,4.86609357,19.17200928
accelerometer,smartphone,1529418202004792064,52.33313957,4.86612048,18.93470459
accelerometer,smartphone,1529418203005426944,52.33314087,4.86614484,20.76582031
accelerometer,smartphone,1529418204003254784,52.33313929,4.86616646,20.66791992
accelerometer,smartphone,1529418205011561984,52.33313627,4.86618806,21.26484375
accelerometer,smartphone,1529418206003603968,52.33313575,4.86621162,22.25361328
accelerometer,smartphone,1529418207003810816,52.33314316,4.86623456,21.29224854
accelerometer,smartphone,1529418208007585024,52.33315103,4.86625067,20.67866211
accelerometer,smartphone,1529418209006254848,52.333159,4.8662653,20.16364746
accelerometer,smartphone,1529418210002080768,52.33316467,4.86627725,20.06434326
accelerometer,smartphone,1529418211011002880,52.33316811,4.86629314,19.02039795
accelerometer,smartphone,1529418212013493248,52.33316524,4.86631396,18.69263916
accelerometer,smartphone,1529418213016850176,52.33316204,4.86633495,18.1973999
accelerometer,smartphone,1529418214006785024,52.33316022,4.866357,18.94331055
accelerometer,smartphone,1529418214997993984,52.33316138,4.86638014,19.25361328
accelerometer,smartphone,1529418216000502272,52.33316364,4.86640038,19.2644165
accelerometer,smartphone,1529418216999802880,52.33316663,4.86641852,18.78681641
accelerometer,smartphone,1529418218011312896,52.33316836,4.86643613,18.30024414
accelerometer,smartphone,1529418219014547968,52.33316625,4.86645064,18.6772583
accelerometer,smartphone,1529418220007490048,52.33315906,4.86646178,18.36542969
accelerometer,smartphone,1529418221008023808,52.33315019,4.86647513,17.537854
accelerometer,smartphone,1529418222010195968,52.33314424,4.86649203,16.89008789
accelerometer,smartphone,1529418223012038144,52.33314044,4.86651148,16.67670898
accelerometer,smartphone,1529418224014319872,52.33313591,4.86653237,17.55500488
accelerometer,smartphone,1529418225000992000,52.33312974,4.86655307,16.78944092
accelerometer,smartphone,1529418226002547968,52.33312233,4.86656972,16.39204102
accelerometer,smartphone,1529418227010785280,52.33311958,4.86657818,16.50898437
accelerometer,smartphone,1529418228011075072,52.33312021,4.86658256,16.44093018
accelerometer,smartphone,1529418229015328768,52.33312207,4.86658429,16.55463867
accelerometer,smartphone,1529418230005562112,52.33312594,4.86658359,15.80091553
accelerometer,smartphone,1529418231009636096,52.3331355,4.86658048,15.85621338
accelerometer,smartphone,1529418232011476992,52.3331412,4.86658105,15.21375732
accelerometer,smartphone,1529418233012644096,52.33314644,4.86658423,14.80164795
accelerometer,smartphone,1529418234011817984,52.33314711,4.86659004,14.20100098
accelerometer,smartphone,1529418234995142144,52.33314465,4.86659526,13.62855225
accelerometer,smartphone,1529418236003675904,52.33314096,4.8666005,13.60023193
accelerometer,smartphone,1529418236995767040,52.33313704,4.86660368,13.32764893
accelerometer,smartphone,1529418238000683008,52.33313173,4.86660391,12.67261963
accelerometer,smartphone,1529418239010756096,52.3331281,4.86660428,13.13679199
accelerometer,smartphone,1529418240004276992,52.33312415,4.86660811,12.71217041
accelerometer,smartphone,1529418240992798208,52.33312115,4.86662059,12.19434814
accelerometer,smartphone,1529418241997865984,52.33311939,4.86663697,13.70106201
accelerometer,smartphone,1529418242999842816,52.33311572,4.8666548,13.18153076
accelerometer,smartphone,1529418244003781120,52.33311318,4.86667303,13.39576416
accelerometer,smartphone,1529418244993314048,52.33311478,4.86669499,13.82783203
accelerometer,smartphone,1529418246003723008,52.33312315,4.86672218,14.36628418
accelerometer,smartphone,1529418247011327232,52.33314032,4.8667506,15.76685791
accelerometer,smartphone,1529418247996250112,52.33316187,4.86678017,16.24775391
accelerometer,smartphone,1529418248994652160,52.33318808,4.86680458,17.48566895
accelerometer,smartphone,1529418249992880128,52.33321589,4.86682821,18.18037109
accelerometer,smartphone,1529418251001824000,52.3332423,4.86685293,18.53449707
accelerometer,smartphone,1529418252001027072,52.33326499,4.86687592,17.6637085
accelerometer,smartphone,1529418252996229888,52.33328808,4.86689802,17.83839111
accelerometer,smartphone,1529418253992243968,52.33331361,4.86691339,17.2262085
accelerometer,smartphone,1529418254994967040,52.33333894,4.86692446,17.15412598
accelerometer,smartphone,1529418256009167104,52.33336416,4.8669346,17.065625
accelerometer,smartphone,1529418257012744960,52.33338785,4.86694407,16.78406982
accelerometer,smartphone,1529418258014159872,52.33341394,4.86694269,14.16029053
accelerometer,smartphone,1529418259005889024,52.33343666,4.86693882,13.71833496
accelerometer,smartphone,1529418260001833984,52.33345882,4.86693435,12.27528076
accelerometer,smartphone,1529418261007623168,52.33347912,4.86693798,11.22895508
accelerometer,smartphone,1529418262001061120,52.33349753,4.86694944,12.11445312
accelerometer,smartphone,1529418262993500928,52.33351255,4.866966,12.1963623
accelerometer,smartphone,1529418263992408064,52.33352621,4.86698317,12.40101318
accelerometer,smartphone,1529418265002127872,52.33353809,4.86700001,12.45606689
accelerometer,smartphone,1529418266002393088,52.33354405,4.86701652,12.8098877
accelerometer,smartphone,1529418267005117952,52.33354776,4.86703365,13.7029541
accelerometer,smartphone,1529418267999816960,52.33354854,4.86705142,13.10706787
accelerometer,smartphone,1529418269007410944,52.33354627,4.86706975,12.88117676
accelerometer,smartphone,1529418270006198016,52.33354545,4.86709093,13.35480957
accelerometer,smartphone,1529418271002857984,52.33355058,4.86712733,14.59998779
accelerometer,smartphone,1529418272007319040,52.33355991,4.86716995,14.91688232
accelerometer,smartphone,1529418273013063936,52.33357287,4.86721272,15.21723633
accelerometer,smartphone,1529418274011393024,52.33358755,4.86725513,16.31361084
accelerometer,smartphone,1529418275007791872,52.33360623,4.86729563,15.92353516
accelerometer,smartphone,1529418276007085824,52.33362546,4.86733212,16.14991455
accelerometer,smartphone,1529418277009787136,52.3336445,4.86736168,15.84138184
accelerometer,smartphone,1529418278001300992,52.33366108,4.86738812,14.90235596
accelerometer,smartphone,1529418278993894912,52.33367334,4.86741667,14.34864502
accelerometer,smartphone,1529418279998964992,52.33368686,4.86744838,12.9496582
accelerometer,smartphone,1529418281006527744,52.33370245,4.86749069,10.95289307
accelerometer,smartphone,1529418282004681216,52.33370288,4.86755108,12.7039917
accelerometer,smartphone,1529418282997039104,52.33370018,4.86761258,12.69074707
accelerometer,smartphone,1529418284012798208,52.33369382,4.86766557,10.80213623
accelerometer,smartphone,1529418285003016960,52.33368291,4.86771677,9.807995605
accelerometer,smartphone,1529418286010121984,52.3336663,4.86777678,8.995739746
accelerometer,smartphone,1529418287012865024,52.33365258,4.86783906,7.516064453
accelerometer,smartphone,1529418288006979072,52.33363958,4.86790698,6.086560059
accelerometer,smartphone,1529418289008783872,52.33361323,4.86796499,6.113842773
accelerometer,smartphone,1529418290004229888,52.33358307,4.86801632,5.300366211
accelerometer,smartphone,1529418291005475072,52.33355536,4.86805913,3.181469727
accelerometer,smartphone,1529418292016233984,52.33352649,4.86810259,3.771069336
accelerometer,smartphone,1529418293003854080,52.3334941,4.86815409,3.815686035
accelerometer,smartphone,1529418294001304064,52.33345437,4.86820406,3.853222656
accelerometer,smartphone,1529418295013398016,52.33342582,4.86824591,1.182568359
accelerometer,smartphone,1529418296013731072,52.33340389,4.86828532,0.06098632812
accelerometer,smartphone,1529418297012292096,52.33337955,4.86832134,-1.689868164
accelerometer,smartphone,1529418298003612928,52.33335086,4.86835886,-3.244311523
accelerometer,smartphone,1529418299004656128,52.33332218,4.86839439,-0.2694580078
accelerometer,smartphone,1529418300001910784,52.33328874,4.86842671,-1.357714844
accelerometer,smartphone,1529418301001274112,52.33325633,4.86845065,-0.5137207031
accelerometer,smartphone,1529418301996236032,52.33322428,4.86846929,0.3902709961
accelerometer,smartphone,1529418303005521920,52.33319294,4.86848426,0.7867553711
accelerometer,smartphone,1529418304014880000,52.33316092,4.8684944,0.03767089844
accelerometer,smartphone,1529418305017318144,52.33312862,4.86850544,-0.7248413086
accelerometer,smartphone,1529418306006017792,52.33309442,4.86851468,-0.1139404297
accelerometer,smartphone,1529418307005191168,52.33305928,4.86852216,1.159191895
accelerometer,smartphone,1529418308006366976,52.33302274,4.86852874,0.8665283203
accelerometer,smartphone,1529418309012781056,52.33297705,4.86853359,0.9328125
accelerometer,smartphone,1529418310011181056,52.33291938,4.86853065,0.15546875
accelerometer,smartphone,1529418311007469056,52.332863,4.86852715,-0.3585693359
accelerometer,smartphone,1529418312003728896,52.33280532,4.86852586,-1.244555664
accelerometer,smartphone,1529418313002601984,52.33274512,4.86852562,-2.463183594
accelerometer,smartphone,1529418314011575040,52.33268235,4.86852841,-2.650134277
accelerometer,smartphone,1529418315005266944,52.33262275,4.86853356,-1.556079102
accelerometer,smartphone,1529418316011555840,52.33256283,4.86853826,-1.500720215
accelerometer,smartphone,1529418317009147904,52.33250536,4.86854029,-0.3698608398
accelerometer,smartphone,1529418318010574336,52.33244531,4.86854162,-0.5364257813
accelerometer,smartphone,1529418319012963072,52.33238926,4.8685468,0.2760131836
accelerometer,smartphone,1529418320006957056,52.33233993,4.86855658,0.2886474609
accelerometer,smartphone,1529418321012343040,52.33228785,4.86856574,0.2637451172
accelerometer,smartphone,1529418322012428032,52.33223626,4.86857009,1.288708496
accelerometer,smartphone,1529418323017225216,52.33218479,4.86855747,1.068066406
accelerometer,smartphone,1529418324011396864,52.33214397,4.86852655,0.05445556641
accelerometer,smartphone,1529418325003301888,52.33211087,4.86847525,-0.2718994141
accelerometer,smartphone,1529418326004266240,52.33209097,4.86840339,-1.232043457
accelerometer,smartphone,1529418326996130816,52.33208127,4.8683234,-0.9549438477
accelerometer,smartphone,1529418328013031936,52.33208198,4.86828114,-2.094470215
accelerometer,smartphone,1529418329013410048,52.33208845,4.86825552,-2.536181641
accelerometer,smartphone,1529418329999572992,52.33209486,4.86822534,-3.825915527
accelerometer,smartphone,1529418331006349056,52.33209934,4.86819051,-4.550280762
accelerometer,smartphone,1529418332002939904,52.33210352,4.86815274,-4.309558105
accelerometer,smartphone,1529418333005631744,52.33210728,4.86812177,-3.950915527
accelerometer,smartphone,1529418334013462272,52.33210981,4.86809412,-4.701281738
accelerometer,smartphone,1529418335014890752,52.33211064,4.86805818,-4.141650391
accelerometer,smartphone,1529418336017324032,52.33211165,4.86801803,-3.469714355
accelerometer,smartphone,1529418337014405120,52.33211215,4.86796946,-3.537036133
accelerometer,smartphone,1529418338010384128,52.33211298,4.86791554,-2.028552246
accelerometer,smartphone,1529418339011902976,52.33211358,4.86786535,-1.444018555
accelerometer,smartphone,1529418340014417920,52.3321131,4.86781212,-1.607714844
accelerometer,smartphone,1529418341016635904,52.33211164,4.86774889,-2.429736328
accelerometer,smartphone,1529418342023206144,52.3321119,4.8676691,-2.842272949
accelerometer,smartphone,1529418343012638208,52.33212051,4.86732166,-3.30546875
accelerometer,smartphone,1529418344019805952,52.33211955,4.86727029,-3.715441895
accelerometer,smartphone,1529418345015508736,52.33212038,4.86718261,-3.403735352
accelerometer,smartphone,1529418346012816896,52.33211914,4.86710778,-2.782763672
accelerometer,smartphone,1529418347011521024,52.3321168,4.86701212,-3.099658203
accelerometer,smartphone,1529418348024154112,52.33211393,4.86692628,-2.011218262
accelerometer,smartphone,1529418349009278976,52.33211413,4.8668456,-1.583178711
accelerometer,smartphone,1529418350012887040,52.33211638,4.86678211,0.2609985352
accelerometer,smartphone,1529418351015383040,52.33212057,4.86673081,2.14954834
accelerometer,smartphone,1529418352008336896,52.33212273,4.86668529,4.187145996
accelerometer,smartphone,1529418353007034880,52.33212149,4.86660989,4.479504395
accelerometer,smartphone,1529418354012612096,52.33211913,4.86651334,5.094250488
accelerometer,smartphone,1529418355013492224,52.33211502,4.86641834,4.908947754
accelerometer,smartphone,1529418356012073984,52.33211067,4.86632841,5.131298828
accelerometer,smartphone,1529418357003884032,52.33210543,4.86624529,5.703015137
accelerometer,smartphone,1529418358006372096,52.33209977,4.86614903,4.877575684
accelerometer,smartphone,1529418359021994240,52.33209854,4.86607013,5.640209961
accelerometer,smartphone,1529418360011374080,52.33210607,4.86600623,5.437878418
accelerometer,smartphone,1529418361013262848,52.33210452,4.8659604,5.587109375
accelerometer,smartphone,1529418362008116992,52.33209332,4.86593242,5.637463379
accelerometer,smartphone,1529418363001683200,52.33207171,4.86593723,6.076306152
accelerometer,smartphone,1529418363998987008,52.33204724,4.86597719,5.658886719
accelerometer,smartphone,1529418365002510080,52.33204819,4.86605768,6.003125
accelerometer,smartphone,1529418365984183040,52.33205708,4.86612876,6.073986816
accelerometer,smartphone,1529418366990750976,52.33206549,4.86619144,6.248181152
accelerometer,smartphone,1529418367983259136,52.33207074,4.86624545,6.292736816
accelerometer,smartphone,1529418368983704064,52.33207483,4.86630914,6.865673828
accelerometer,smartphone,1529418369982554880,52.33208702,4.86636668,6.970959473
accelerometer,smartphone,1529418371002310912,52.33209386,4.8664156,6.880810547
accelerometer,smartphone,1529418372003165952,52.33208114,4.86646329,5.918530273
accelerometer,smartphone,1529418372983330048,52.33208937,4.86652364,7.276318359
accelerometer,smartphone,1529418373984649984,52.33209773,4.8665951,7.751843262
accelerometer,smartphone,1529418374994411776,52.33210202,4.86666204,7.321850586
accelerometer,smartphone,1529418375996449024,52.33210384,4.86671675,8.022412109
accelerometer,smartphone,1529418376990767104,52.3321173,4.86678139,7.652355957
accelerometer,smartphone,1529418377994308864,52.33211719,4.86684243,6.86451416
accelerometer,smartphone,1529418378993084928,52.33210908,4.86691937,7.568005371
accelerometer,smartphone,1529418379989902080,52.33210234,4.86698563,6.986096191
accelerometer,smartphone,1529418380996634112,52.33210934,4.86704841,6.824047852
accelerometer,smartphone,1529418381996271104,52.33210911,4.86711262,7.100048828
accelerometer,smartphone,1529418382994755072,52.33210178,4.86717013,6.924389648
accelerometer,smartphone,1529418383991692032,52.33209939,4.86720554,6.171704102
accelerometer,smartphone,1529418384999877888,52.33209934,4.86722466,5.173901367
accelerometer,smartphone,1529418386011740928,52.33209938,4.86725944,3.16151123
accelerometer,smartphone,1529418387005357824,52.3321031,4.86725942,2.488354492
accelerometer,smartphone,1529418388000211968,52.33210716,4.86724661,1.276318359
accelerometer,smartphone,1529418389001246208,52.33209806,4.86751303,0.06806640625
accelerometer,smartphone,1529418390002657024,52.33209721,4.86753793,0.9078491211
accelerometer,smartphone,1529418391011897856,52.33209442,4.86754917,0.4535644531
accelerometer,smartphone,1529418392017414912,52.33209398,4.8675466,0.8520629883
accelerometer,smartphone,1529418393002316032,52.33209323,4.86754684,1.152355957
accelerometer,smartphone,1529418394008191232,52.33209756,4.86782955,0.5988891602
accelerometer,smartphone,1529418395013371904,52.33209814,4.86782836,0.8122680664
accelerometer,smartphone,1529418396012448000,52.33209871,4.86783745,0.7810791016
accelerometer,smartphone,1529418397001735936,52.33210003,4.86785106,2.115551758
accelerometer,smartphone,1529418397995997184,52.33210089,4.86785754,1.798474121
accelerometer,smartphone,1529418399002087168,52.33210291,4.86787292,1.735302734
accelerometer,smartphone,1529418400007092992,52.33212969,4.86813553,0.642590332
accelerometer,smartphone,1529418401013704960,52.33212682,4.86814859,0.4737060547
accelerometer,smartphone,1529418402010612992,52.33214107,4.86834261,-0.398059082
accelerometer,smartphone,1529418402991187968,52.33215144,4.86840392,0.7450683594
accelerometer,smartphone,1529418403991769088,52.33217216,4.86845542,1.863415527
accelerometer,smartphone,1529418404996698112,52.33218856,4.86851419,2.160412598
accelerometer,smartphone,1529418405990534912,52.33221135,4.8685481,2.059338379
accelerometer,smartphone,1529418406999316992,52.33224487,4.868551,1.450878906
accelerometer,smartphone,1529418407995429888,52.33226018,4.86854892,1.102185059
accelerometer,smartphone,1529418408998125056,52.33227613,4.86855531,-1.509753418
accelerometer,smartphone,1529418410006527744,52.33230685,4.86856211,-2.052478027
accelerometer,smartphone,1529418411000134912,52.33234291,4.86856751,-0.6215087891
accelerometer,smartphone,1529418411994939136,52.33238116,4.86857009,-0.2081176758
accelerometer,smartphone,1529418413011924992,52.33244013,4.86857247,-0.03630371094
accelerometer,smartphone,1529418414008733952,52.33248778,4.8685695,-0.6896240234
accelerometer,smartphone,1529418414987554048,52.33252195,4.86856139,0.4094970703
accelerometer,smartphone,1529418415993220864,52.33256754,4.86856417,-0.355456543
accelerometer,smartphone,1529418416994595840,52.33260574,4.8685751,1.135449219
accelerometer,smartphone,1529418417993217024,52.33264469,4.86857156,1.459729004
accelerometer,smartphone,1529418418993848064,52.33269076,4.86856749,2.331311035
accelerometer,smartphone,1529418420015078144,52.33270382,4.86857184,2.077832031
accelerometer,smartphone,1529418421011607808,52.33271829,4.86857094,1.445751953
accelerometer,smartphone,1529418422008625920,52.3327585,4.8685624,0.5427978516
accelerometer,smartphone,1529418423013361920,52.33298352,4.86854433,-1.822619629
accelerometer,smartphone,1529418424009618944,52.33306614,4.86851227,-1.742053223
accelerometer,smartphone,1529418425011956992,52.33300887,4.86852286,-2.61796875
accelerometer,smartphone,1529418425998816768,52.33300064,4.86854711,-3.35411377
accelerometer,smartphone,1529418426986936064,52.33303538,4.86855473,-2.757800293
accelerometer,smartphone,1529418427989200128,52.33308473,4.8685649,-4.026721191
accelerometer,smartphone,1529418428991775232,52.33312707,4.86858082,-5.630786133
accelerometer,smartphone,1529418429991553024,52.33317194,4.86859006,-3.650012207
accelerometer,smartphone,1529418430994502912,52.33320489,4.86857909,-2.940783691
accelerometer,smartphone,1529418431993074944,52.33323053,4.86857964,-2.977770996
accelerometer,smartphone,1529418432992812032,52.33324581,4.86858733,-2.340197754
accelerometer,smartphone,1529418434002021888,52.33325661,4.86859283,-1.999316406
accelerometer,smartphone,1529418435030360832,52.33327013,4.86859617,-1.686999512
accelerometer,smartphone,1529418436012151808,52.33328493,4.86859611,-0.7103759766
accelerometer,smartphone,1529418437003433216,52.33332279,4.86859496,-0.4211914063
accelerometer,smartphone,1529418438005824000,52.33333155,4.86860111,-0.5831787109
accelerometer,smartphone,1529418439021476096,52.33334923,4.86855179,-0.1388427734
accelerometer,smartphone,1529418440022697984,52.33342895,4.86843547,-0.576159668
accelerometer,smartphone,1529418441002671872,52.33347249,4.86843935,-0.1735717773
accelerometer,smartphone,1529418441995144960,52.33362363,4.86842993,-0.3356201172
accelerometer,smartphone,1529418443007899904,52.33357867,4.86851239,0.1534545898
accelerometer,smartphone,1529418444013655040,52.33358265,4.86851747,1.034008789
accelerometer,smartphone,1529418445000173056,52.33359514,4.86852279,1.305615234
accelerometer,smartphone,1529418446001296128,52.33361089,4.86853302,1.98536377
accelerometer,smartphone,1529418447003239936,52.33362082,4.86853382,2.271130371
accelerometer,smartphone,1529418447997605888,52.33362617,4.86851617,2.807141113
accelerometer,smartphone,1529418449004729856,52.33363131,4.8684732,2.400402832
accelerometer,smartphone,1529418450003205120,52.33363336,4.86843416,3.03815918
accelerometer,smartphone,1529418450996252928,52.3336351,4.86839681,1.411633301
accelerometer,smartphone,1529418452008235776,52.33363741,4.86835911,0.2650878906
accelerometer,smartphone,1529418453007416064,52.33363964,4.86832033,-0.9025756836
accelerometer,smartphone,1529418454002731264,52.33364206,4.86828496,-0.5110351563
accelerometer,smartphone,1529418455006831872,52.33364665,4.86825804,1.267285156
accelerometer,smartphone,1529418456005135104,52.33365284,4.86823885,0.7729003906
accelerometer,smartphone,1529418456996033024,52.33365964,4.8682129,-0.4213745117
accelerometer,smartphone,1529418457991182080,52.33366605,4.8681768,-1.740771484
accelerometer,smartphone,1529418459001849856,52.3336708,4.86813374,-2.852587891
accelerometer,smartphone,1529418459991779072,52.33367454,4.8680899,-4.3796875
accelerometer,smartphone,1529418460995904000,52.33367761,4.8680479,-5.813708496
accelerometer,smartphone,1529418462006006016,52.33367939,4.86800686,-6.816516113
accelerometer,smartphone,1529418463007190016,52.33367747,4.86797187,-8.351000977
accelerometer,smartphone,1529418464004318208,52.33367395,4.86793756,-10.63762207
accelerometer,smartphone,1529418465005841152,52.33367137,4.86789458,-13.86094971
accelerometer,smartphone,1529418466000361728,52.33366945,4.86784995,-15.06499023
accelerometer,smartphone,1529418467005805056,52.33366794,4.86780107,-15.2211792
accelerometer,smartphone,1529418468012712960,52.33366684,4.86774898,-15.84758301
accelerometer,smartphone,1529418469018094848,52.33366275,4.86769602,-14.96245117
accelerometer,smartphone,1529418470013120000,52.33365451,4.86764877,-13.42662354
accelerometer,smartphone,1529418471008740096,52.33363944,4.86760295,-12.95457764
accelerometer,smartphone,1529418472013198080,52.33361771,4.86756365,-12.73613281
accelerometer,smartphone,1529418473021378816,52.33359292,4.86753075,-12.7256958
accelerometer,smartphone,1529418474017166080,52.3335662,4.86749817,-12.09794922
accelerometer,smartphone,1529418475011928064,52.33353871,4.86746158,-10.63408203
accelerometer,smartphone,1529418476011370752,52.33350854,4.86742358,-10.00584717
accelerometer,smartphone,1529418477003563008,52.33347829,4.86739043,-9.712084961
accelerometer,smartphone,1529418478002990848,52.33344854,4.8673548,-8.636279297
accelerometer,smartphone,1529418479011580160,52.33342135,4.8673159,-8.154101563
accelerometer,smartphone,1529418480008470016,52.33339964,4.86726896,-7.547900391
accelerometer,smartphone,1529418481009891072,52.33338702,4.86721461,-7.825610352
accelerometer,smartphone,1529418482002200064,52.33338015,4.86715586,-6.887683105
accelerometer,smartphone,1529418483006944768,52.33337227,4.86710261,-6.531970215
accelerometer,smartphone,1529418484014276096,52.33336569,4.86706344,-6.394213867
accelerometer,smartphone,1529418484997952000,52.33336122,4.86702963,-3.638598633
accelerometer,smartphone,1529418485996759040,52.33335827,4.8669979,-1.85625
accelerometer,smartphone,1529418487002437120,52.33335305,4.86697014,-1.513171387
accelerometer,smartphone,1529418488009135872,52.33334978,4.86694755,-0.3839599609
accelerometer,smartphone,1529418489008947968,52.33334686,4.86692638,0.4697998047
accelerometer,smartphone,1529418490011403008,52.33334435,4.86690886,2.049267578
accelerometer,smartphone,1529418491005902080,52.33333973,4.86689305,4.013867187
accelerometer,smartphone,1529418492002309120,52.33333601,4.86688005,6.146740723
accelerometer,smartphone,1529418492998763264,52.33333134,4.86686973,6.516552734
accelerometer,smartphone,1529418493993012992,52.33332331,4.86685816,7.457958984
accelerometer,smartphone,1529418494991187968,52.33331411,4.86684284,8.121655273
accelerometer,smartphone,1529418496007496960,52.3333082,4.86683023,8.890820312
accelerometer,smartphone,1529418497009841152,52.33330539,4.86681838,9.360791016
accelerometer,smartphone,1529418498008488960,52.33330644,4.86680209,10.09632568
accelerometer,smartphone,1529418499005188864,52.33330827,4.86678574,10.55073242
accelerometer,smartphone,1529418500005840128,52.33330787,4.86677526,10.02729492
accelerometer,smartphone,1529418501009871104,52.33330337,4.86676893,9.515576172
accelerometer,smartphone,1529418502004246016,52.33329827,4.86676518,9.334973145
accelerometer,smartphone,1529418503006535168,52.33329367,4.86675786,10.51246338
accelerometer,smartphone,1529418504004678912,52.33328934,4.86675149,10.73817139
accelerometer,smartphone,1529418505011962880,52.33328728,4.86674642,11.22333984
accelerometer,smartphone,1529418506007265024,52.3332848,4.86674094,11.52271729
accelerometer,smartphone,1529418507005840128,52.33328051,4.8667359,10.44398193
accelerometer,smartphone,1529418508005462016,52.33327522,4.86673058,10.9505127
accelerometer,smartphone,1529418509005776896,52.3332696,4.86672153,13.01209717
accelerometer,smartphone,1529418510010766080,52.33326655,4.86671193,13.69660645
accelerometer,smartphone,1529418511005885952,52.33326352,4.86670728,13.47169189
accelerometer,smartphone,1529418512003560960,52.33326333,4.86670339,14.85822754
accelerometer,smartphone,1529418513006275840,52.33326466,4.86669762,16.63734131
accelerometer,smartphone,1529418514009794816,52.33326854,4.86668954,17.81489258
accelerometer,smartphone,1529418515006992128,52.33327242,4.86668267,19.12855225
accelerometer,smartphone,1529418516003428864,52.3332762,4.86667696,20.55610352
accelerometer,smartphone,1529418517001965056,52.33327932,4.86667219,21.16431885
accelerometer,smartphone,1529418518013941248,52.33328451,4.86666363,21.17640381
accelerometer,smartphone,1529418519009213952,52.33329154,4.86665396,21.71540527
accelerometer,smartphone,1529418520011699968,52.33329258,4.86665092,21.68165283
accelerometer,smartphone,1529418521006824960,52.33329088,4.86665078,21.90314941
accelerometer,smartphone,1529418522005021952,52.33328952,4.86665123,22.01655273
accelerometer,smartphone,1529418523011864064,52.33328656,4.86665234,22.53742676
accelerometer,smartphone,1529418524012602112,52.33328454,4.86665235,22.74293213
accelerometer,smartphone,1529418525007862016,52.33328246,4.86665083,22.3602417
accelerometer,smartphone,1529418526012814848,52.3332797,4.866646,21.35792236
accelerometer,smartphone,1529418527006400256,52.33327793,4.86664157,21.60584717
accelerometer,smartphone,1529418528007998976,52.33328575,4.86663447,22.99866943
accelerometer,smartphone,1529418529004017152,52.33329869,4.86662443,22.7498291
accelerometer,smartphone,1529418530006170880,52.33331075,4.86661522,22.79542236
accelerometer,smartphone,1529418531004229888,52.33331955,4.86660786,22.88398437
accelerometer,smartphone,1529418532011622912,52.33332671,4.86660326,23.95032959
accelerometer,smartphone,1529418533005303040,52.33333183,4.8665994,23.78022461
accelerometer,smartphone,1529418534007044864,52.33333401,4.86659729,24.87141113
accelerometer,smartphone,1529418535004517120,52.33333405,4.86659619,24.56660156
accelerometer,smartphone,1529418536006785024,52.33333515,4.86659702,24.33729248
accelerometer,smartphone,1529418537006010112,52.33333458,4.86659933,23.99818115
accelerometer,smartphone,1529418538007687936,52.33333133,4.86659912,22.61561279
accelerometer,smartphone,1529418539009618176,52.33332878,4.86659967,22.2597168
accelerometer,smartphone,1529418540011756800,52.33332545,4.86660519,21.10212402
accelerometer,smartphone,1529418541009312000,52.33332031,4.86661024,20.4138916
accelerometer,smartphone,1529418542001581056,52.33331206,4.86661092,20.88642578
accelerometer,smartphone,1529418542992204800,52.33331149,4.86661128,20.8949707
accelerometer,smartphone,1529418543993371136,52.3333126,4.86661306,21.42176514
accelerometer,smartphone,1529418545001470976,52.33331125,4.86661356,21.64313965
accelerometer,smartphone,1529418546004723200,52.33330892,4.86661216,21.662854
accelerometer,smartphone,1529418546994754048,52.3333118,4.86661087,21.95643311
accelerometer,smartphone,1529418547993640960,52.3333148,4.86661032,22.26838379
accelerometer,smartphone,1529418549006337792,52.33331743,4.86660871,22.21308594
accelerometer,smartphone,1529418550006324992,52.33331967,4.86660966,22.15760498
accelerometer,smartphone,1529418550992739072,52.33332016,4.86661085,22.48359375
accelerometer,smartphone,1529418551993109760,52.33332438,4.86661034,22.54530029
accelerometer,smartphone,1529418553001320960,52.33332787,4.86660971,22.67329102
accelerometer,smartphone,1529418553998825984,52.33333116,4.86660795,22.56409912
accelerometer,smartphone,1529418555005542912,52.33333169,4.86660594,22.29029541
accelerometer,smartphone,1529418556004428032,52.33333138,4.86660575,22.21479492
accelerometer,smartphone,1529418557009126912,52.33332881,4.86660465,22.08912354
accelerometer,smartphone,1529418558007343872,52.33332917,4.86660533,22.01160889
accelerometer,smartphone,1529418559002029824,52.33332843,4.86660767,21.63453369
accelerometer,smartphone,1529418559990423808,52.33332967,4.86660779,21.57355957
accelerometer,smartphone,1529418561007426048,52.33333152,4.8666073,21.72443848
accelerometer,smartphone,1529418562003732992,52.33333371,4.86660703,21.89020996
accelerometer,smartphone,1529418563005870080,52.33333405,4.86660596,21.97529297
accelerometer,smartphone,1529418564005084928,52.33333438,4.86660472,22.05708008
accelerometer,smartphone,1529418565004765952,52.3333349,4.86660391,22.04938965
accelerometer,smartphone,1529418566003980032,52.33333315,4.86660386,22.21162109
accelerometer,smartphone,1529418566997645056,52.33333163,4.86660492,22.28553467
accelerometer,smartphone,1529418567994369792,52.33333106,4.86660436,22.35877686
accelerometer,smartphone,1529418569008819200,52.33333037,4.8666035,22.47102051
accelerometer,smartphone,1529418570008932096,52.33332922,4.86660355,22.39899902
accelerometer,smartphone,1529418571008378880,52.33332793,4.8666036,22.37012939
accelerometer,smartphone,1529418572001814016,52.33332737,4.8666034,22.34168701
accelerometer,smartphone,1529418573005345280,52.3333269,4.86660272,22.29121094
accelerometer,smartphone,1529418574005273088,52.33332659,4.86660232,22.29584961
accelerometer,smartphone,1529418575008749056,52.33332642,4.86660209,22.29914551
accelerometer,smartphone,1529418576007499008,52.33332631,4.86660196,22.29987793
accelerometer,smartphone,1529418577004764160,52.33332625,4.8666019,22.29932861
accelerometer,smartphone,1529418578005878016,52.33332621,4.86660186,22.30048828
accelerometer,smartphone,1529418579003559168,52.33332293,4.86660061,21.60834961
accelerometer,smartphone,1529418580011800064,52.33331911,4.86659897,21.62757568
accelerometer,smartphone,1529418581006695936,52.33331652,4.86659784,21.83216553
accelerometer,smartphone,1529418582012188928,52.33331419,4.86659616,22.12952881
accelerometer,smartphone,1529418583002814976,52.33331245,4.86659425,22.31318359
accelerometer,smartphone,1529418583998916096,52.33331058,4.86659276,22.53278809
accelerometer,smartphone,1529418585003642112,52.33330866,4.86659126,22.75910645
accelerometer,smartphone,1529418586006643968,52.33330688,4.8665901,22.93476562
accelerometer,smartphone,1529418587005104128,52.33330588,4.86659042,22.80524902
accelerometer,smartphone,1529418588005051904,52.33330397,4.86659113,22.53669434
accelerometer,smartphone,1529418589002182912,52.33330165,4.86659245,22.75410156
accelerometer,smartphone,1529418590006220288,52.33330153,4.86659338,22.84180908
accelerometer,smartphone,1529418591008748032,52.3332987,4.86659344,22.5711792
accelerometer,smartphone,1529418592005030144,52.3332982,4.86659417,22.87147217
accelerometer,smartphone,1529418593004398080,52.33329757,4.8665942,22.68995361
accelerometer,smartphone,1529418594006171904,52.33329626,4.86659455,22.40351562
accelerometer,smartphone,1529418595004164096,52.33329728,4.86659527,22.61512451
accelerometer,smartphone,1529418596005975040,52.3333015,4.86659567,23.43787842
accelerometer,smartphone,1529418597001061888,52.33330448,4.86659682,23.49750977
accelerometer,smartphone,1529418598012456704,52.33330536,4.86659802,23.29456787
accelerometer,smartphone,1529418599005267968,52.33330607,4.86659839,23.34492187
accelerometer,smartphone,1529418600004969984,52.33330669,4.86659886,23.24030762
accelerometer,smartphone,1529418600997846016,52.33330831,4.86659994,23.23835449
accelerometer,smartphone,1529418602004612096,52.33330781,4.86660039,23.05927734
accelerometer,smartphone,1529418603015782912,52.33330758,4.8666006,23.06257324
accelerometer,smartphone,1529418604004745728,52.33330796,4.86660119,23.31599121