"Time (s)","Linear Acceleration x (m/s^2)","Linear Acceleration y (m/s^2)","Linear Acceleration z (m/s^2)"
0.000000000E0,8.840238452E-1,5.264725685E-1,2.155651093E0
4.943848000E-3,8.497231603E-1,4.419150352E-1,1.940128803E0
9.857178000E-3,7.605349422E-1,4.289393425E-1,1.775494099E0
1.477050800E-2,7.648169398E-1,3.443942070E-1,1.610516071E0
1.968383800E-2,6.707895994E-1,3.705101013E-1,1.461152077E0
2.462768600E-2,6.105204821E-1,4.005217552E-1,1.350027084E0
2.954101600E-2,5.167896748E-1,3.802995682E-1,1.236443996E0
3.445434600E-2,4.170139134E-1,4.153971672E-1,1.179243088E0
3.939819400E-2,3.605598211E-1,3.667283058E-1,1.020062923E0
4.431152400E-2,2.592423558E-1,3.593440056E-1,1.015476704E0
4.922485400E-2,1.786504090E-1,3.901891708E-1,1.029549122E0
5.416870200E-2,1.267784536E-1,3.819937706E-1,1.004261017E0
5.908203200E-2,4.635463655E-2,4.258861542E-1,1.069208145E0
6.399536200E-2,-2.702373639E-2,4.685587883E-1,1.134791851E0
6.890869200E-2,-5.480016395E-2,5.240664482E-1,1.228975773E0
7.385253900E-2,-4.495336860E-2,5.335674286E-1,1.321630478E0
7.876586900E-2,-9.704530984E-2,5.178008080E-1,1.406136990E0
8.367920000E-2,-7.712955773E-2,5.386800766E-1,1.462833405E0
8.859253000E-2,-1.088700965E-1,4.819803238E-1,1.464477062E0
9.353637700E-2,-5.219518393E-2,4.505333900E-1,1.537932873E0
9.844970700E-2,-5.618853122E-2,4.504265785E-1,1.582484245E0
1.033630370E-1,-6.625372916E-2,4.452347755E-1,1.588816643E0
1.083068850E-1,-6.000911817E-2,4.772224426E-1,1.575300217E0
1.132202150E-1,-7.068675011E-2,4.629807472E-1,1.483808517E0
1.181335450E-1,-3.228917718E-2,4.754800797E-1,1.390300751E0
1.230468750E-1,-1.203680504E-2,5.027155876E-1,1.296231270E0
1.279907230E-1,-2.235255763E-2,4.647011757E-1,1.159835815E0
1.329040530E-1,-4.176837578E-2,5.097060204E-1,9.780383110E-1
1.378173830E-1,-1.264380384E-2,4.859428406E-1,8.066515923E-1
1.427612310E-1,-3.070483916E-2,4.547538757E-1,6.710186005E-1
1.476745610E-1,-4.506807402E-2,4.429783821E-1,5.460596085E-1
1.525878910E-1,-4.224766791E-2,4.659686089E-1,4.174718857E-1
1.575012210E-1,-2.115223557E-2,4.629874229E-1,3.371648788E-1
1.624450690E-1,-3.854651004E-3,4.885749817E-1,2.648520470E-1
1.673583990E-1,7.719559595E-3,4.394707680E-1,1.490507126E-1
1.722717290E-1,1.296390221E-2,4.381928444E-1,1.021156311E-1
1.772155770E-1,1.738407090E-2,4.233026505E-1,6.226634979E-2
1.821289070E-1,4.048293456E-2,3.997545242E-1,3.523254395E-2
1.870422370E-1,4.778005183E-2,3.482184410E-1,6.257677078E-2
1.919555670E-1,6.766098738E-2,3.655343056E-1,7.824611664E-2
1.968994140E-1,7.060096413E-2,3.574628830E-1,1.961688995E-1
2.018127440E-1,5.462142080E-2,3.395962715E-1,3.754749298E-1
2.067260750E-1,1.184541732E-2,3.224520683E-1,4.598312378E-1
2.116699220E-1,-7.243119180E-3,3.203711510E-1,6.721777916E-1
2.165527350E-1,2.752581239E-2,3.277626038E-1,7.948927879E-1
2.214965820E-1,1.187916175E-1,2.942070961E-1,1.022338867E0
2.264099120E-1,1.631208658E-1,3.320212364E-1,1.097393036E0
2.313537600E-1,1.828427017E-1,2.967224121E-1,1.281321049E0
2.362976080E-1,1.991734058E-1,2.617964745E-1,1.312531948E0
2.411804200E-1,1.881885827E-1,1.896500587E-1,1.379373074E0
2.460937500E-1,2.007648945E-1,1.819853783E-1,1.334165573E0
2.510375980E-1,2.153850347E-1,1.357598305E-1,1.256336689E0
2.559509280E-1,2.521846294E-1,1.106905937E-1,1.138473034E0
2.608642580E-1,3.151903749E-1,1.267566681E-1,1.018710613E0
2.658081060E-1,2.804585695E-1,1.527485847E-1,9.129443169E-1
2.707214360E-1,3.504562080E-1,1.727986336E-1,8.219103813E-1
2.756347660E-1,3.223610520E-1,1.600298882E-1,6.820607185E-1
2.805480960E-1,3.388162851E-1,1.149072647E-1,6.256332397E-1
2.854919440E-1,3.081780672E-1,1.112713814E-1,4.859499931E-1
2.904357910E-1,3.001239896E-1,5.484628677E-2,4.068794250E-1
2.953491210E-1,3.209038377E-1,-1.131772995E-2,3.309946060E-1
3.002929690E-1,2.873473763E-1,3.154468536E-2,2.165579796E-1
3.052062990E-1,2.553414702E-1,3.714370728E-2,1.876316071E-1
3.101196290E-1,2.567168772E-1,2.599763870E-2,1.930036545E-1
3.150329590E-1,2.747900784E-1,3.743267059E-2,1.824693680E-1
3.199768070E-1,2.885980010E-1,8.242607117E-2,1.592001915E-1
3.248901370E-1,2.793851793E-1,6.529998779E-2,1.700730324E-1
3.298034670E-1,3.039712906E-1,1.363224983E-1,2.651848793E-1
3.347473150E-1,2.574219406E-1,1.380705833E-1,3.556118011E-1
3.396606450E-1,2.577663958E-1,2.014718056E-1,4.017949104E-1
3.445739750E-1,2.812779248E-1,2.293252945E-1,5.096864700E-1
3.494873050E-1,2.977530062E-1,2.206888199E-1,5.733351707E-1
3.544311530E-1,3.304057419E-1,2.570047379E-1,6.531305313E-1
3.593444830E-1,3.553080559E-1,2.392721176E-1,7.372622490E-1
3.642578130E-1,3.460398316E-1,2.817897797E-1,7.877340317E-1
3.692016610E-1,3.296177089E-1,2.284679413E-1,8.803720474E-1
3.741149910E-1,3.282546401E-1,1.910495758E-1,8.992261887E-1
3.790283210E-1,3.413012624E-1,2.262778282E-1,8.906331062E-1
3.839416510E-1,3.201731443E-1,1.703019142E-1,8.721833229E-1
3.888854980E-1,2.638234794E-1,1.585330963E-1,8.682460785E-1
3.937988280E-1,2.324328125E-1,1.188364029E-1,8.342070580E-1
3.987121590E-1,2.360040247E-1,8.517837524E-2,8.077402115E-1
4.036560060E-1,2.311100960E-1,1.043715477E-1,8.219537735E-1
4.085693360E-1,2.204674184E-1,1.065983772E-1,7.963638306E-1
4.134826660E-1,1.691031158E-1,6.255197525E-2,7.490315437E-1
4.183959960E-1,1.609572470E-1,8.488941193E-2,7.303733826E-1
4.233398440E-1,1.835799515E-1,8.282804489E-2,7.289199829E-1
4.282531740E-1,2.138265669E-1,1.604323387E-1,7.118606567E-1
4.331665040E-1,2.754291594E-1,1.841101646E-1,7.101378441E-1
4.381103520E-1,3.184736371E-1,2.365508080E-1,6.164293289E-1
4.430236820E-1,3.143080473E-1,2.717819214E-1,5.941104889E-1
4.479370120E-1,2.477169931E-1,1.756095886E-1,4.455099106E-1
4.528503420E-1,2.719638944E-1,8.979463577E-2,3.217658997E-1
4.577941900E-1,3.560941219E-1,4.803180695E-3,1.627197266E-1
4.627075200E-1,4.104778767E-1,-5.332088470E-2,2.158260345E-2
4.676208500E-1,4.381162822E-1,-5.071973801E-2,-1.890516281E-2
4.725646980E-1,4.871849418E-1,-6.270408630E-4,-1.094255447E-1
4.774780280E-1,4.581119418E-1,5.462932587E-2,-7.992553711E-2
4.823913580E-1,4.260479808E-1,9.396123886E-2,-1.269764900E-1
4.873046880E-1,4.111795723E-1,4.115152359E-2,-1.129198074E-1
4.922485360E-1,3.797259331E-1,3.580284119E-2,2.821540833E-2
4.971618660E-1,3.209780455E-1,-2.510690689E-2,1.154990196E-1
5.020751960E-1,2.820777893E-1,-5.168294907E-2,1.987986565E-1
5.070190430E-1,2.053446174E-1,-6.525516510E-3,3.289456367E-1
5.119323730E-1,1.937776804E-3,1.505999565E-1,8.095903397E-1
5.168457030E-1,-7.032929361E-2,3.402376175E-2,9.086680412E-1
5.217590340E-1,-3.015292585E-1,5.477476120E-2,8.199863434E-1
5.267028810E-1,-3.561809659E-1,7.076883316E-2,7.370867729E-1
5.316162110E-1,-2.860243618E-1,2.036371231E-1,7.259907722E-1
5.365600590E-1,-2.396413684E-1,1.921257973E-1,5.973954201E-1
5.414733890E-1,-1.449595988E-1,-1.002445221E-1,4.695806503E-1
5.463867190E-1,-1.011741832E-1,1.781940460E-3,3.687090874E-1
5.513000490E-1,3.112277016E-2,2.435989380E-1,2.719397545E-1
5.562133790E-1,9.238456935E-2,4.717836380E-1,1.218805313E-1
5.611572270E-1,-3.691883758E-4,6.285910606E-1,-4.595756531E-2
5.660705570E-1,-3.540187776E-1,5.534019470E-1,-1.712937355E-1
5.710144050E-1,-3.355184197E-1,5.403118134E-1,-1.623497009E-1
5.759582520E-1,-4.317179918E-1,4.338159561E-1,-1.911587715E-1
5.808715820E-1,-4.510477483E-1,3.089575768E-1,-2.568764687E-1
5.857849120E-1,-3.967770338E-1,2.594189644E-1,-1.710538864E-1
5.906982430E-1,-3.849999309E-1,2.281017303E-1,-7.734584808E-2
5.956420900E-1,-3.681876659E-1,2.463130951E-1,1.644825935E-1
6.005554200E-1,-3.728619814E-1,2.948350906E-1,3.298106194E-1
6.054687500E-1,-3.682885468E-1,3.037056923E-1,5.388746262E-1
6.103820800E-1,-3.255285025E-1,2.834458351E-1,7.170023918E-1
6.153259280E-1,-3.889229298E-1,2.888321877E-1,8.793444633E-1
6.202392580E-1,-3.765549958E-1,2.316260338E-1,9.041457176E-1
6.251525880E-1,-3.863492608E-1,1.994252205E-1,8.329596519E-1
6.300964360E-1,-4.204329848E-1,1.754961014E-1,7.900085449E-1
6.350097660E-1,-4.132900834E-1,2.148113251E-1,6.690635681E-1
6.399230960E-1,-4.172491431E-1,2.934288979E-1,5.345025063E-1
6.448364260E-1,-4.418685436E-1,2.962532043E-1,3.805742264E-1
6.497802740E-1,-4.615645707E-1,3.454241753E-1,2.063736916E-1
6.546936040E-1,-4.643946886E-1,3.266811371E-1,3.094911575E-2
6.596069340E-1,-4.617125988E-1,3.137359619E-1,-1.048207283E-1
6.645507820E-1,-4.501715302E-1,1.837124825E-1,-1.485095024E-1
6.694641120E-1,-5.174370408E-1,2.393054962E-2,-9.032773972E-2
6.743774420E-1,-6.015649438E-1,-2.939882278E-1,5.972814560E-2
6.792907720E-1,-6.088271737E-1,-5.064783096E-1,2.360987663E-1
6.842346190E-1,-3.213178217E-1,-5.980658531E-1,3.202943802E-1
6.891479500E-1,-2.606539056E-3,-5.413789749E-1,3.350267410E-1
6.940612800E-1,2.696017325E-1,-3.223338127E-1,5.177183151E-1
6.990051270E-1,5.004681349E-1,-1.143679619E-1,8.297514915E-1
7.039184570E-1,6.826845407E-1,8.163452148E-3,1.218088627E0
7.088317870E-1,8.966412544E-1,9.844493866E-2,1.571390152E0
7.137451180E-1,1.050696850E0,2.209725380E-1,1.622591496E0
7.186889650E-1,1.112909913E0,2.585716248E-1,1.547562122E0
7.236022950E-1,1.101323843E0,2.552881241E-1,1.291523457E0
7.285156250E-1,9.416481853E-1,2.751617432E-1,1.117865562E0
7.334594730E-1,7.031966448E-1,1.874852180E-1,9.540605545E-1
7.383728030E-1,4.168689549E-1,1.931290627E-1,7.165880203E-1
7.432861330E-1,1.692149937E-1,2.050242424E-1,3.730106354E-1
7.481994630E-1,-3.563082218E-2,2.650589943E-1,1.072263718E-2
7.531433110E-1,-7.021445036E-2,3.925867081E-1,-4.401984215E-1
7.580566410E-1,-4.146665335E-2,5.614957809E-1,-7.207789421E-1
7.629699710E-1,1.629266739E-1,7.252478600E-1,-8.791399002E-1
7.679138190E-1,3.180081844E-1,9.133262634E-1,-9.687018394E-1
7.728271490E-1,4.138647318E-1,1.025218487E0,-9.820680618E-1
7.777404790E-1,5.355780125E-1,1.032753468E0,-9.495506287E-1
7.826843270E-1,6.015017033E-1,1.003739834E0,-8.798623085E-1
7.875976570E-1,5.969139934E-1,8.794236183E-1,-6.943340302E-1
7.925109870E-1,5.170915723E-1,7.700800896E-1,-4.826369286E-1
7.974243170E-1,4.277808070E-1,6.322135925E-1,-3.230328560E-1
8.023681640E-1,2.939528227E-1,4.572582245E-1,-1.975574493E-1
8.072814940E-1,-1.382725954E0,-1.318482876E0,-1.362770081E0
8.121948250E-1,-1.354595065E0,-1.513108730E0,-9.832091331E-1
8.171081550E-1,-6.788909435E-1,-1.152278423E0,1.439113617E-1
8.220520020E-1,-5.704739094E-1,-1.054065228E0,-1.195478439E-2
8.269653320E-1,-5.780365467E-1,-9.140224457E-1,-4.203033447E-1
8.318786620E-1,-4.859725237E-1,-1.129597187E0,6.028223038E-2
8.368225100E-1,3.446328640E-1,-3.754777908E-1,5.575776100E-1
8.417358400E-1,7.701469660E-1,1.772480011E-1,8.242368698E-2
8.466491700E-1,7.366667390E-1,5.646481514E-1,-1.398549080E-1
8.515625000E-1,4.779517055E-1,8.174986839E-1,5.427651405E-1
8.565063480E-1,3.163710833E-1,8.501076698E-1,1.355959415E0
8.614501960E-1,1.455178261E-1,6.960000992E-1,1.847576618E0
8.663635260E-1,-8.328711987E-2,4.565792084E-1,2.287263393E0
8.712768560E-1,-3.043792844E-1,1.965851784E-1,2.572579384E0
8.762207030E-1,-4.593456984E-1,5.243396759E-2,2.998981476E0
8.811340340E-1,-5.168661475E-1,1.243262291E-1,3.712358475E0
8.860473640E-1,-4.784027338E-1,3.591408730E-1,4.215682030E0
8.909912110E-1,-4.487839341E-1,6.309509277E-1,4.437400341E0
8.959045410E-1,-4.346854687E-1,7.884788513E-1,4.460769176E0
9.008483890E-1,-7.915253043E-1,5.811023712E-1,5.100003242E0
9.057617190E-1,-7.320933342E-1,5.452504158E-1,5.091440678E0
9.106750490E-1,-9.441096187E-1,2.948870659E-1,4.879540443E0
9.155883790E-1,-1.046546936E0,-7.537794113E-2,4.164978981E0
9.205017090E-1,-1.262709498E0,-5.981040001E-1,3.169370651E0
9.254455570E-1,-1.311471581E0,-1.133257866E0,2.211890221E0
9.303588870E-1,-1.465339780E0,-1.616566658E0,1.280345917E0
9.352722170E-1,-2.338099003E0,-2.502417088E0,7.244524956E-1
9.401855470E-1,-2.923189640E0,-3.054076195E0,-2.294492722E-2
9.451293950E-1,-3.278514147E0,-3.304060936E0,-6.425170898E-1
9.500427250E-1,-3.342437029E0,-3.261332989E0,-9.624300003E-1
9.549560550E-1,-2.952943325E0,-2.774931908E0,-1.168017387E0
9.598999030E-1,-2.422513008E0,-2.113380909E0,-1.187599659E0
9.648132330E-1,-1.837912560E0,-1.478587627E0,-1.267480373E0
9.697265630E-1,-1.446529388E0,-1.096605301E0,-1.512078285E0
9.746398930E-1,-1.181585312E0,-8.905363083E-1,-1.833546638E0
9.795837410E-1,-9.290012717E-1,-7.460846901E-1,-2.215013504E0
9.844970710E-1,-6.012461185E-1,-6.759643555E-1,-2.567078590E0
9.894104010E-1,-4.482007325E-1,-6.990599632E-1,-2.855507374E0
9.943542480E-1,-2.148590684E-1,-8.023262024E-1,-3.024868965E0
9.992675780E-1,2.036427259E-1,-7.661924362E-1,-3.078733444E0
1.004180909E0,9.249863625E-1,-6.598234177E-1,-3.002432823E0
1.009094239E0,1.787420034E0,-4.781026840E-1,-2.851819038E0
1.014038086E0,2.623760223E0,-2.218408585E-1,-2.667082787E0
1.018951416E0,3.263812542E0,1.392030716E-1,-2.436768532E0
1.023895264E0,3.747174025E0,4.243292809E-1,-2.243710995E0
1.028808594E0,4.136776924E0,5.063443184E-1,-1.977468014E0
1.033721924E0,4.840510368E0,-1.276679039E-1,-1.574404716E0
1.038635254E0,4.987625122E0,-9.209251404E-2,-1.221232891E0
1.043548584E0,4.842213154E0,1.324057579E-1,-8.822822571E-1
1.048492432E0,4.469336510E0,4.082612991E-1,-5.230212212E-1
1.053405762E0,3.969847679E0,4.693117142E-1,-5.689716339E-2
1.058319092E0,3.263893127E0,1.547775269E-1,2.500939369E-1
1.063262940E0,2.493001223E0,-4.346528053E-1,3.868126869E-1
1.068206787E0,1.889304519E0,-1.015169144E0,4.412498474E-1
1.073089600E0,1.400352001E0,-1.479687691E0,5.304064751E-1
1.078033448E0,1.029231071E0,-1.696408749E0,6.150650978E-1
1.082946778E0,8.145040274E-1,-1.620584488E0,6.875801086E-1
1.087860108E0,6.928082108E-1,-1.382059574E0,7.615485191E-1
1.092773438E0,6.189323664E-1,-1.153035641E0,8.738894463E-1
1.097717286E0,5.906777382E-1,-9.716086388E-1,8.546223640E-1
1.102630616E0,3.421179652E-1,-8.949813843E-1,9.972677231E-1
1.107513428E0,-4.106713831E-1,-7.145338058E-1,8.551874161E-1
1.112457276E0,-1.461537361E0,-1.787972450E-1,-2.105054855E-1
1.117401123E0,-1.774526834E0,-4.006338120E-1,4.821014404E-1
1.122314453E0,-1.676875830E0,-6.965894699E-1,1.993620872E0
1.127227784E0,-1.167780161E0,-9.834890366E-1,1.726630211E0
1.132171631E0,-4.399939775E-1,-5.127973557E-1,8.708548546E-1
1.137084961E0,3.462267518E-1,2.316126823E-1,3.368153572E-1
1.141998291E0,1.157877207E0,9.176039696E-1,3.252310753E-1
1.146942139E0,1.681456089E0,1.575781822E0,7.902426720E-1
1.151885987E0,1.965425253E0,2.062775612E0,1.291957855E0
1.156799317E0,1.836000681E0,2.305892944E0,1.519504547E0
1.161712647E0,1.326144576E0,2.311791420E0,1.666590691E0
1.166656494E0,8.175545931E-1,2.071998596E0,2.049712181E0
1.171569825E0,3.113909066E-1,1.584663391E0,2.467591286E0
1.176483155E0,-1.744470000E-2,1.031256199E0,2.915779114E0
1.181396485E0,-3.041684330E-1,5.547142029E-1,3.332279205E0
1.186340332E0,-5.559350252E-1,2.096347809E-1,3.630995750E0
1.191253662E0,-9.120771289E-1,-1.043252945E-1,3.751070976E0
1.196197510E0,-1.443269253E0,-3.560671806E-1,3.691931725E0
1.201110840E0,-1.905463457E0,-5.947728157E-1,3.526644707E0
1.206024170E0,-2.126560926E0,-7.923755646E-1,3.338641167E0
1.210937500E0,-2.264879227E0,-1.099990845E0,3.018383980E0
1.215881348E0,-2.550619841E0,-1.607024670E0,2.637179375E0
1.220794678E0,-2.692003250E0,-2.133432865E0,2.158201218E0
1.225708008E0,-2.556574821E0,-2.488743782E0,1.279528618E0
1.230621338E0,-2.241842270E0,-2.732697964E0,3.640651703E-1
1.235565186E0,-1.042006016E0,-1.877770901E0,-1.082670689E0
1.240478516E0,-9.963598847E-1,-1.918286324E0,-1.044949532E0
1.245391846E0,1.254814863E-2,-1.208101273E0,-1.483279705E0
1.250305176E0,9.097253680E-1,-6.095719337E-1,-1.997356415E0
1.255249024E0,1.653829813E0,-1.706833839E-1,-2.548221111E0
1.260162354E0,2.088810921E0,-5.429506302E-2,-2.985915661E0
1.265075684E0,2.510677576E0,-7.212781906E-2,-3.268852234E0
1.269989014E0,2.967629910E0,-1.227202415E-1,-3.365468502E0
1.274932862E0,2.944208384E0,-1.543068886E-1,-3.166874886E0
1.279846192E0,2.302034616E0,-4.643774033E-1,-2.785480499E0
1.284759522E0,1.367052197E0,-7.854719162E-1,-2.199889660E0
1.289703369E0,7.103270888E-1,-9.719810486E-1,-1.515055656E0
1.294616700E0,3.591191769E-1,-1.013274670E0,-8.626561165E-1
1.299530030E0,1.509609222E-1,-9.148364067E-1,-3.222413063E-1
1.304443360E0,3.861671686E-2,-6.711611748E-1,1.800894737E-1
1.309387207E0,1.017826796E-2,-2.232246399E-1,2.402219772E-1
1.314300537E0,-2.122850418E-1,2.158379555E-1,3.493909836E-1
1.319213868E0,-6.624262929E-1,4.039292336E-1,5.928497314E-1
1.324157715E0,-1.198377848E0,3.272027969E-1,1.050687790E0
1.329071045E0,-1.792142630E0,-8.173990250E-2,1.822616577E0
1.333984375E0,-2.195135117E0,-6.302433014E-1,2.621283531E0
1.338897705E0,-2.229312658E0,-1.077702999E0,3.022056580E0
1.343841553E0,-2.042769194E0,-1.354796410E0,3.057424545E0
1.348754883E0,-1.677363157E0,-1.411189556E0,3.010769844E0
1.353668213E0,-1.185356736E0,-1.225374699E0,3.201417923E0
1.358612061E0,-8.515753150E-1,-1.099106312E0,3.208030701E0
1.363525391E0,-9.062166214E-1,-1.052021027E0,2.743545532E0
1.368438721E0,-3.130644560E-1,-5.557074547E-1,2.189023972E0
1.373352051E0,1.146351695E-1,-9.574508667E-2,1.710247040E0
1.378295899E0,2.504180074E-1,2.069420815E-1,9.317798615E-1
1.383209229E0,1.562607288E-1,3.933405876E-1,4.787445068E-4
1.388122559E0,5.466963053E-1,6.114621162E-1,-6.103897095E-1
1.393066407E0,1.124808550E0,8.925867081E-1,-1.206099510E0
1.397979737E0,1.283917904E0,9.949989319E-1,-1.722207069E0
1.402893067E0,9.793503284E-1,8.381972313E-1,-2.033679962E0
1.407806397E0,5.185920000E-1,6.009387970E-1,-2.135401726E0
1.412750244E0,3.349026442E-1,4.798078537E-1,-1.986536980E0
1.417663575E0,3.114524484E-1,4.375171661E-1,-1.748142242E0
1.422576905E0,2.416078448E-1,3.856482506E-1,-1.307211399E0
1.427520752E0,-1.067434549E-1,3.690757751E-1,-7.471313477E-1
1.432464600E0,-5.478098392E-1,2.187728882E-1,-1.604347229E-1
1.437377930E0,-7.268509865E-1,1.887187958E-1,3.754653931E-1
1.442291260E0,-7.815474272E-1,1.620020866E-1,8.578042984E-1
1.447235108E0,-8.811986446E-1,1.365332603E-1,1.244783401E0
1.452148438E0,-9.275973439E-1,-7.325124741E-2,1.449275970E0
1.457061768E0,-8.676097989E-1,-3.225154877E-1,1.630747795E0
1.462005616E0,-5.051670671E-1,-4.350070953E-1,1.750377655E0
1.466918946E0,9.987890720E-3,-4.134011269E-1,1.802811623E0
1.471832276E0,5.552853942E-1,-3.444571495E-1,1.557778358E0
1.476745606E0,9.627274871E-1,-2.057094574E-1,1.264748573E0
1.481689453E0,1.311893344E0,-4.119539261E-2,9.645328522E-1
1.486602784E0,1.354867935E0,9.692716599E-2,6.491041183E-1
1.491516114E0,1.147676468E0,2.343707085E-1,2.780332565E-1
1.496459961E0,8.549069166E-1,3.533601761E-1,-1.596450806E-1
1.501373291E0,7.693458200E-1,4.412050247E-1,-6.453886032E-1
1.506286621E0,7.560356855E-1,4.868679047E-1,-9.778013229E-1
1.511199952E0,8.034490347E-1,5.150141716E-1,-1.238316536E0
1.516113282E0,8.704121709E-1,7.043514252E-1,-1.417823792E0
1.521057129E0,9.095072150E-1,8.732304573E-1,-1.446485043E0
1.525970459E0,8.648507595E-1,9.750132561E-1,-1.372648239E0
1.530914307E0,6.804655194E-1,8.497443199E-1,-1.150809765E0
1.535827637E0,4.390670061E-1,7.260437012E-1,-9.119439125E-1
1.540740967E0,3.758683205E-1,6.070981026E-1,-6.781320572E-1
1.545654297E0,2.781393528E-1,5.436687469E-1,-5.242047310E-1
1.550598145E0,2.679122686E-1,5.366234779E-1,-6.024761200E-1
1.555511475E0,2.921077013E-1,4.965062141E-1,-7.841243744E-1
1.560424805E0,2.969008684E-1,3.791866302E-1,-9.091744423E-1
1.565368653E0,2.985743284E-1,2.223510742E-1,-1.074272633E0
1.570281983E0,5.287386179E-1,-5.784654617E-2,-1.382122040E0
1.575195313E0,5.601494312E-1,-5.734968185E-2,-1.373030186E0
1.580108643E0,1.137091756E0,-1.620259285E-1,-1.531717777E0
1.585052491E0,1.868203640E0,-1.832990646E-1,-1.548568249E0
1.589965821E0,2.159549236E0,-3.477997780E-1,-1.551762581E0
1.594909668E0,2.166874886E0,-5.936450958E-1,-1.638523102E0
1.599822998E0,2.238924980E0,-6.790604591E-1,-1.605906487E0
1.604736328E0,2.376444340E0,-6.668519974E-1,-1.403568745E0
1.609649659E0,2.364438057E0,-6.567788124E-1,-1.068681240E0
1.614562989E0,2.332255840E0,-6.483368874E-1,-7.241473198E-1
1.619506836E0,2.165961266E0,-7.115144730E-1,-2.617101669E-1
1.624420166E0,1.877119780E0,-8.114376068E-1,8.571910858E-2
1.629333496E0,1.367689848E0,-8.105926514E-1,2.752351761E-1
1.634277344E0,9.063240290E-1,-6.252422333E-1,3.986139297E-1
1.639190674E0,6.120530367E-1,-4.196720123E-1,4.563479424E-1
1.644104004E0,7.452262640E-1,-2.314438820E-1,4.458880424E-1
1.649017334E0,9.438275099E-1,-1.975708008E-1,2.624058723E-1
1.653961182E0,1.075886607E0,-2.539863586E-1,2.130966187E-1
1.658874512E0,1.111546040E0,-3.751435280E-1,2.218675613E-2
1.663787842E0,7.813649178E-1,-5.462551117E-1,-1.546573639E-1
1.668731690E0,-7.345509529E-2,-1.322300434E0,-2.187980175E0
1.673645020E0,-2.988243103E-2,-1.860011101E0,-4.295049667E0
1.678558350E0,9.506320953E-1,-1.587036133E0,-3.263319492E0
1.683471680E0,1.954596758E0,-1.253338814E0,-2.080949783E0
1.688415528E0,2.507402420E0,-1.060902596E0,-9.231457710E-1
1.693328858E0,2.664362669E0,-1.025480747E0,2.091879845E-1
1.698242188E0,2.522422552E0,-1.106645584E0,1.145349026E0
1.703155518E0,2.263139486E0,-1.423446178E0,1.760955334E0
1.708099366E0,1.757938147E0,-1.823608398E0,2.070707798E0
1.713012696E0,1.211472988E0,-2.280714035E0,2.249059677E0
1.717956543E0,5.035617352E-1,-2.574667931E0,2.273406029E0
1.722900391E0,-1.653714180E-1,-2.782508850E0,2.390478611E0
1.727813721E0,-7.934474945E-1,-2.792374134E0,2.559357166E0
1.732727051E0,-1.479670525E0,-2.808153629E0,2.366070271E0
1.737640381E0,-1.802577496E0,-2.752931595E0,1.526599884E0
1.742584229E0,-1.488398075E0,-2.125341892E0,1.152575493E0
1.747497559E0,-1.231612206E0,-1.574016094E0,1.082281590E0
1.752410889E0,-1.039844036E0,-1.379971981E0,7.626500130E-1
1.757354737E0,-8.851661682E-1,-1.543077946E0,2.729578018E-1
1.762268067E0,-6.422524452E-1,-2.006945610E0,-2.970523834E-1
1.767181397E0,-2.409620285E-1,-2.554569721E0,-7.481236458E-1
1.772094727E0,1.692423820E-1,-2.979806423E0,-1.087670803E0
1.777038575E0,3.020048141E-1,-3.113799095E0,-1.023324013E0
1.781951905E0,3.499722481E-1,-2.955803394E0,-4.621706009E-1
1.786865235E0,1.041223049E0,-2.716639996E0,-1.557669640E-1
1.791809082E0,1.715258598E0,-2.474195957E0,2.207603455E-1
1.796722412E0,2.147241592E0,-2.143940210E0,6.556706429E-1
1.801635743E0,2.243083000E0,-1.942399263E0,1.148305416E0
1.806549073E0,2.210951805E0,-1.812860012E0,1.772444725E0
1.811492920E0,1.935785770E0,-1.811360121E0,2.376379967E0
1.816406250E0,1.496780396E0,-1.796419382E0,2.818926811E0
1.821319580E0,9.201579094E-1,-1.792002916E0,3.043836594E0
1.826263428E0,4.019641876E-1,-1.824215412E0,3.118891716E0
1.831176758E0,1.647186279E-2,-1.862582445E0,3.107781410E0
1.836120606E0,-1.555824280E-1,-1.865572453E0,3.099070072E0
1.841003418E0,-3.392786980E-1,-1.753254175E0,2.827052116E0
1.845947266E0,-5.901541710E-1,-1.614086151E0,2.370027065E0
1.850860596E0,-8.204441071E-1,-1.478429079E0,1.631293297E0
1.855773926E0,-1.057042122E0,-1.216523647E0,8.046984673E-1
1.860717774E0,-1.202624798E0,-8.971259594E-1,-2.944135666E-2
1.865631104E0,-1.330472469E0,-4.733369350E-1,-8.601937294E-1
1.870544434E0,-1.410309792E0,-6.995987892E-2,-1.616936684E0
1.875488282E0,-1.591332436E0,3.108618259E-1,-2.318019390E0
1.880401612E0,-2.134910583E0,8.249511719E-1,-2.260851860E0
1.885314942E0,-2.201803684E0,9.665784836E-1,-2.113317966E0
1.890228272E0,-2.036770821E0,9.451918602E-1,-2.051421165E0
1.895172119E0,-1.682515144E0,8.451256752E-1,-2.218972921E0
1.900085450E0,-1.378314018E0,6.974060535E-1,-2.356449127E0
1.905029297E0,-6.242895126E-1,1.971855164E-1,-2.776003838E0
1.909912110E0,-5.585336685E-1,2.429161072E-1,-2.634284496E0
1.914855957E0,1.822566986E-1,-7.145547867E-2,-2.862164736E0
1.919769287E0,1.105536461E0,-2.986502647E-1,-3.159809113E0
1.924713135E0,2.010862350E0,-3.503425121E-1,-3.446840763E0
1.929626465E0,2.762639999E0,-1.792795658E-1,-3.350286722E0
1.934539795E0,3.400833130E0,-1.939845085E-2,-2.942653418E0
1.939453125E0,3.792967796E0,1.578037739E-1,-2.275979042E0
1.944366455E0,4.086645126E0,2.921516895E-1,-1.309623957E0
1.949310303E0,4.270562172E0,3.969776630E-1,-4.890496731E-1
1.954226217E0,4.193287849E0,4.906024933E-1,6.344711781E-2
1.959170065E0,3.961709023E0,4.680709839E-1,5.157787800E-1
1.964083395E0,3.471107483E0,4.374995232E-1,8.291494846E-1
1.968996725E0,2.765636444E0,4.743862152E-1,1.059030890E0
